n_agents,n_arms,agent_to_arm_ratio,std,epsilon,seed,steps,group_total_reward,mean_agent_reward,collision_rate,reward_inequality
1,3,0.3333333333333333,1.0,0.0,0,1000,1016.7184250328304,1016.7184250328304,0.0,0.0
1,3,0.3333333333333333,1.0,0.0,1,1000,916.4306790468802,916.4306790468802,0.0,0.0
1,3,0.3333333333333333,1.0,0.0,2,1000,978.5685597728573,978.5685597728573,0.0,0.0
1,3,0.3333333333333333,1.0,0.0,3,1000,1061.2278238523745,1061.2278238523745,0.0,0.0
1,3,0.3333333333333333,1.0,0.0,4,1000,955.7771313657066,955.7771313657066,0.0,0.0
1,3,0.3333333333333333,1.0,0.0,5,1000,991.0201343116751,991.0201343116751,0.0,0.0
1,3,0.3333333333333333,1.0,0.0,6,1000,981.9607838402733,981.9607838402733,0.0,0.0
1,3,0.3333333333333333,1.0,0.0,7,1000,1007.7588248377813,1007.7588248377813,0.0,0.0
1,3,0.3333333333333333,1.0,0.0,8,1000,995.68437071856,995.68437071856,0.0,0.0
1,3,0.3333333333333333,1.0,0.0,9,1000,986.9417265144066,986.9417265144066,0.0,0.0
1,3,0.3333333333333333,1.0,0.0,10,1000,1525.9193857385249,1525.9193857385249,0.0,0.0
1,3,0.3333333333333333,1.0,0.0,11,1000,1465.652612852833,1465.652612852833,0.0,0.0
1,3,0.3333333333333333,1.0,0.0,12,1000,1476.9002733435868,1476.9002733435868,0.0,0.0
1,3,0.3333333333333333,1.0,0.0,13,1000,987.4939791159915,987.4939791159915,0.0,0.0
1,3,0.3333333333333333,1.0,0.0,14,1000,1034.6616514336233,1034.6616514336233,0.0,0.0
1,3,0.3333333333333333,1.0,0.0,15,1000,1044.7999599267102,1044.7999599267102,0.0,0.0
1,3,0.3333333333333333,1.0,0.0,16,1000,1531.8041109032042,1531.8041109032042,0.0,0.0
1,3,0.3333333333333333,1.0,0.0,17,1000,983.661090217945,983.661090217945,0.0,0.0
1,3,0.3333333333333333,1.0,0.0,18,1000,1007.6490040531617,1007.6490040531617,0.0,0.0
1,3,0.3333333333333333,1.0,0.0,19,1000,1009.0272483881806,1009.0272483881806,0.0,0.0
1,3,0.3333333333333333,1.0,0.0,20,1000,2006.2564482554292,2006.2564482554292,0.0,0.0
1,3,0.3333333333333333,1.0,0.0,21,1000,1027.5557861981363,1027.5557861981363,0.0,0.0
1,3,0.3333333333333333,1.0,0.0,22,1000,981.589221254432,981.589221254432,0.0,0.0
1,3,0.3333333333333333,1.0,0.0,23,1000,960.2646002346427,960.2646002346427,0.0,0.0
1,3,0.3333333333333333,1.0,0.0,24,1000,966.6609606862235,966.6609606862235,0.0,0.0
1,3,0.3333333333333333,1.0,0.0,25,1000,1001.4125483330295,1001.4125483330295,0.0,0.0
1,3,0.3333333333333333,1.0,0.0,26,1000,1016.4005928469559,1016.4005928469559,0.0,0.0
1,3,0.3333333333333333,1.0,0.0,27,1000,1421.8611806830554,1421.8611806830554,0.0,0.0
1,3,0.3333333333333333,1.0,0.0,28,1000,986.6927909225844,986.6927909225844,0.0,0.0
1,3,0.3333333333333333,1.0,0.0,29,1000,1507.7163740059927,1507.7163740059927,0.0,0.0
1,3,0.3333333333333333,1.0,0.0,30,1000,1005.9860567120124,1005.9860567120124,0.0,0.0
1,3,0.3333333333333333,1.0,0.0,31,1000,936.2346565116587,936.2346565116587,0.0,0.0
1,3,0.3333333333333333,1.0,0.0,32,1000,1077.444904848208,1077.444904848208,0.0,0.0
1,3,0.3333333333333333,1.0,0.0,33,1000,1557.8033758708148,1557.8033758708148,0.0,0.0
1,3,0.3333333333333333,1.0,0.0,34,1000,1477.2169620068746,1477.2169620068746,0.0,0.0
1,3,0.3333333333333333,1.0,0.0,35,1000,1032.448399177845,1032.448399177845,0.0,0.0
1,3,0.3333333333333333,1.0,0.0,36,1000,1075.586115244103,1075.586115244103,0.0,0.0
1,3,0.3333333333333333,1.0,0.0,37,1000,1017.8648990785781,1017.8648990785781,0.0,0.0
1,3,0.3333333333333333,1.0,0.0,38,1000,1444.062028854817,1444.062028854817,0.0,0.0
1,3,0.3333333333333333,1.0,0.0,39,1000,1021.8916200161624,1021.8916200161624,0.0,0.0
1,3,0.3333333333333333,1.0,0.0,40,1000,963.3237648457045,963.3237648457045,0.0,0.0
1,3,0.3333333333333333,1.0,0.0,41,1000,1008.9408259387428,1008.9408259387428,0.0,0.0
1,3,0.3333333333333333,1.0,0.0,42,1000,1000.9891202962145,1000.9891202962145,0.0,0.0
1,3,0.3333333333333333,1.0,0.0,43,1000,969.4751265567248,969.4751265567248,0.0,0.0
1,3,0.3333333333333333,1.0,0.0,44,1000,1536.7073897671419,1536.7073897671419,0.0,0.0
1,3,0.3333333333333333,1.0,0.0,45,1000,987.6925261645395,987.6925261645395,0.0,0.0
1,3,0.3333333333333333,1.0,0.0,46,1000,1539.6830363841673,1539.6830363841673,0.0,0.0
1,3,0.3333333333333333,1.0,0.0,47,1000,956.3624972345,956.3624972345,0.0,0.0
1,3,0.3333333333333333,1.0,0.0,48,1000,965.3331255104025,965.3331255104025,0.0,0.0
1,3,0.3333333333333333,1.0,0.0,49,1000,978.899715824375,978.899715824375,0.0,0.0
1,3,0.3333333333333333,1.0,0.01,0,1000,1741.967332743102,1741.967332743102,0.0,0.0
1,3,0.3333333333333333,1.0,0.01,1,1000,1911.376413760675,1911.376413760675,0.0,0.0
1,3,0.3333333333333333,1.0,0.01,2,1000,1699.893006886523,1699.893006886523,0.0,0.0
1,3,0.3333333333333333,1.0,0.01,3,1000,1946.1336012199017,1946.1336012199017,0.0,0.0
1,3,0.3333333333333333,1.0,0.01,4,1000,998.4488665940023,998.4488665940023,0.0,0.0
1,3,0.3333333333333333,1.0,0.01,5,1000,1986.5080540293893,1986.5080540293893,0.0,0.0
1,3,0.3333333333333333,1.0,0.01,6,1000,1376.2352245147454,1376.2352245147454,0.0,0.0
1,3,0.3333333333333333,1.0,0.01,7,1000,1721.501699491581,1721.501699491581,0.0,0.0
1,3,0.3333333333333333,1.0,0.01,8,1000,1854.0606982624095,1854.0606982624095,0.0,0.0
1,3,0.3333333333333333,1.0,0.01,9,1000,1982.2614176385807,1982.2614176385807,0.0,0.0
1,3,0.3333333333333333,1.0,0.01,10,1000,1906.5686992354974,1906.5686992354974,0.0,0.0
1,3,0.3333333333333333,1.0,0.01,11,1000,1617.7892924630287,1617.7892924630287,0.0,0.0
1,3,0.3333333333333333,1.0,0.01,12,1000,1490.509217809079,1490.509217809079,0.0,0.0
1,3,0.3333333333333333,1.0,0.01,13,1000,1896.8122209952644,1896.8122209952644,0.0,0.0
1,3,0.3333333333333333,1.0,0.01,14,1000,1789.08988646961,1789.08988646961,0.0,0.0
1,3,0.3333333333333333,1.0,0.01,15,1000,1498.3645777367178,1498.3645777367178,0.0,0.0
1,3,0.3333333333333333,1.0,0.01,16,1000,1958.9286729625317,1958.9286729625317,0.0,0.0
1,3,0.3333333333333333,1.0,0.01,17,1000,1466.2473937829236,1466.2473937829236,0.0,0.0
1,3,0.3333333333333333,1.0,0.01,18,1000,1723.0103295687143,1723.0103295687143,0.0,0.0
1,3,0.3333333333333333,1.0,0.01,19,1000,1684.014234975781,1684.014234975781,0.0,0.0
1,3,0.3333333333333333,1.0,0.01,20,1000,2045.1256307938959,2045.1256307938959,0.0,0.0
1,3,0.3333333333333333,1.0,0.01,21,1000,1238.0291411446613,1238.0291411446613,0.0,0.0
1,3,0.3333333333333333,1.0,0.01,22,1000,1792.8559963445807,1792.8559963445807,0.0,0.0
1,3,0.3333333333333333,1.0,0.01,23,1000,1790.971693481139,1790.971693481139,0.0,0.0
1,3,0.3333333333333333,1.0,0.01,24,1000,1825.4532075528818,1825.4532075528818,0.0,0.0
1,3,0.3333333333333333,1.0,0.01,25,1000,1143.1322002579573,1143.1322002579573,0.0,0.0
1,3,0.3333333333333333,1.0,0.01,26,1000,1908.025698153094,1908.025698153094,0.0,0.0
1,3,0.3333333333333333,1.0,0.01,27,1000,1914.0721898998238,1914.0721898998238,0.0,0.0
1,3,0.3333333333333333,1.0,0.01,28,1000,1442.3806289034978,1442.3806289034978,0.0,0.0
1,3,0.3333333333333333,1.0,0.01,29,1000,1513.8160662752355,1513.8160662752355,0.0,0.0
1,3,0.3333333333333333,1.0,0.01,30,1000,1308.583179421865,1308.583179421865,0.0,0.0
1,3,0.3333333333333333,1.0,0.01,31,1000,1742.8145775967898,1742.8145775967898,0.0,0.0
1,3,0.3333333333333333,1.0,0.01,32,1000,1992.6143098450807,1992.6143098450807,0.0,0.0
1,3,0.3333333333333333,1.0,0.01,33,1000,1671.1142958628345,1671.1142958628345,0.0,0.0
1,3,0.3333333333333333,1.0,0.01,34,1000,1614.99848183124,1614.99848183124,0.0,0.0
1,3,0.3333333333333333,1.0,0.01,35,1000,1955.8123311880454,1955.8123311880454,0.0,0.0
1,3,0.3333333333333333,1.0,0.01,36,1000,1695.6494584412246,1695.6494584412246,0.0,0.0
1,3,0.3333333333333333,1.0,0.01,37,1000,1974.344898047083,1974.344898047083,0.0,0.0
1,3,0.3333333333333333,1.0,0.01,38,1000,1433.8829831515125,1433.8829831515125,0.0,0.0
1,3,0.3333333333333333,1.0,0.01,39,1000,2019.2576591488896,2019.2576591488896,0.0,0.0
1,3,0.3333333333333333,1.0,0.01,40,1000,1997.532467166598,1997.532467166598,0.0,0.0
1,3,0.3333333333333333,1.0,0.01,41,1000,1631.202528513317,1631.202528513317,0.0,0.0
1,3,0.3333333333333333,1.0,0.01,42,1000,1045.7906439518133,1045.7906439518133,0.0,0.0
1,3,0.3333333333333333,1.0,0.01,43,1000,1668.7335625243975,1668.7335625243975,0.0,0.0
1,3,0.3333333333333333,1.0,0.01,44,1000,1520.8744169016054,1520.8744169016054,0.0,0.0
1,3,0.3333333333333333,1.0,0.01,45,1000,1718.504382345603,1718.504382345603,0.0,0.0
1,3,0.3333333333333333,1.0,0.01,46,1000,1989.429842265394,1989.429842265394,0.0,0.0
1,3,0.3333333333333333,1.0,0.01,47,1000,1631.8905434556896,1631.8905434556896,0.0,0.0
1,3,0.3333333333333333,1.0,0.01,48,1000,1352.9337896538234,1352.9337896538234,0.0,0.0
1,3,0.3333333333333333,1.0,0.01,49,1000,1177.7407224745355,1177.7407224745355,0.0,0.0
1,3,0.3333333333333333,1.0,0.05,0,1000,1997.7258043727834,1997.7258043727834,0.0,0.0
1,3,0.3333333333333333,1.0,0.05,1,1000,1579.0301963077063,1579.0301963077063,0.0,0.0
1,3,0.3333333333333333,1.0,0.05,2,1000,1888.104909098375,1888.104909098375,0.0,0.0
1,3,0.3333333333333333,1.0,0.05,3,1000,1490.9232776440178,1490.9232776440178,0.0,0.0
1,3,0.3333333333333333,1.0,0.05,4,1000,1939.0728663892444,1939.0728663892444,0.0,0.0
1,3,0.3333333333333333,1.0,0.05,5,1000,1880.9628801632416,1880.9628801632416,0.0,0.0
1,3,0.3333333333333333,1.0,0.05,6,1000,1862.3701965506339,1862.3701965506339,0.0,0.0
1,3,0.3333333333333333,1.0,0.05,7,1000,1953.371214584387,1953.371214584387,0.0,0.0
1,3,0.3333333333333333,1.0,0.05,8,1000,1948.850574169933,1948.850574169933,0.0,0.0
1,3,0.3333333333333333,1.0,0.05,9,1000,1902.989810038513,1902.989810038513,0.0,0.0
1,3,0.3333333333333333,1.0,0.05,10,1000,1819.043548498598,1819.043548498598,0.0,0.0
1,3,0.3333333333333333,1.0,0.05,11,1000,1962.4753299690385,1962.4753299690385,0.0,0.0
1,3,0.3333333333333333,1.0,0.05,12,1000,1841.3278241988608,1841.3278241988608,0.0,0.0
1,3,0.3333333333333333,1.0,0.05,13,1000,1974.4476188106883,1974.4476188106883,0.0,0.0
1,3,0.3333333333333333,1.0,0.05,14,1000,1935.776977541278,1935.776977541278,0.0,0.0
1,3,0.3333333333333333,1.0,0.05,15,1000,1888.5933478623194,1888.5933478623194,0.0,0.0
1,3,0.3333333333333333,1.0,0.05,16,1000,1940.9317085404816,1940.9317085404816,0.0,0.0
1,3,0.3333333333333333,1.0,0.05,17,1000,1967.4860779221176,1967.4860779221176,0.0,0.0
1,3,0.3333333333333333,1.0,0.05,18,1000,1893.9383877237722,1893.9383877237722,0.0,0.0
1,3,0.3333333333333333,1.0,0.05,19,1000,1888.8795798287895,1888.8795798287895,0.0,0.0
1,3,0.3333333333333333,1.0,0.05,20,1000,1983.4452830525995,1983.4452830525995,0.0,0.0
1,3,0.3333333333333333,1.0,0.05,21,1000,1841.1130629037848,1841.1130629037848,0.0,0.0
1,3,0.3333333333333333,1.0,0.05,22,1000,1968.0135866579037,1968.0135866579037,0.0,0.0
1,3,0.3333333333333333,1.0,0.05,23,1000,1992.1234369743709,1992.1234369743709,0.0,0.0
1,3,0.3333333333333333,1.0,0.05,24,1000,1795.6127330138427,1795.6127330138427,0.0,0.0
1,3,0.3333333333333333,1.0,0.05,25,1000,1926.22712598337,1926.22712598337,0.0,0.0
1,3,0.3333333333333333,1.0,0.05,26,1000,1789.0659338456162,1789.0659338456162,0.0,0.0
1,3,0.3333333333333333,1.0,0.05,27,1000,1946.2717469302197,1946.2717469302197,0.0,0.0
1,3,0.3333333333333333,1.0,0.05,28,1000,1891.1169931166994,1891.1169931166994,0.0,0.0
1,3,0.3333333333333333,1.0,0.05,29,1000,1937.2269527235705,1937.2269527235705,0.0,0.0
1,3,0.3333333333333333,1.0,0.05,30,1000,1920.655096231414,1920.655096231414,0.0,0.0
1,3,0.3333333333333333,1.0,0.05,31,1000,1791.9920627977738,1791.9920627977738,0.0,0.0
1,3,0.3333333333333333,1.0,0.05,32,1000,1987.0034536854032,1987.0034536854032,0.0,0.0
1,3,0.3333333333333333,1.0,0.05,33,1000,2025.359358765955,2025.359358765955,0.0,0.0
1,3,0.3333333333333333,1.0,0.05,34,1000,1958.5008603283134,1958.5008603283134,0.0,0.0
1,3,0.3333333333333333,1.0,0.05,35,1000,2000.2047611936644,2000.2047611936644,0.0,0.0
1,3,0.3333333333333333,1.0,0.05,36,1000,1872.569571788974,1872.569571788974,0.0,0.0
1,3,0.3333333333333333,1.0,0.05,37,1000,2030.5522566821073,2030.5522566821073,0.0,0.0
1,3,0.3333333333333333,1.0,0.05,38,1000,1874.4182946898159,1874.4182946898159,0.0,0.0
1,3,0.3333333333333333,1.0,0.05,39,1000,1985.0021621439478,1985.0021621439478,0.0,0.0
1,3,0.3333333333333333,1.0,0.05,40,1000,1933.8681837359672,1933.8681837359672,0.0,0.0
1,3,0.3333333333333333,1.0,0.05,41,1000,1913.3068451330541,1913.3068451330541,0.0,0.0
1,3,0.3333333333333333,1.0,0.05,42,1000,1904.094916683262,1904.094916683262,0.0,0.0
1,3,0.3333333333333333,1.0,0.05,43,1000,1931.8311526585574,1931.8311526585574,0.0,0.0
1,3,0.3333333333333333,1.0,0.05,44,1000,1940.6368445308956,1940.6368445308956,0.0,0.0
1,3,0.3333333333333333,1.0,0.05,45,1000,2026.9325053032505,2026.9325053032505,0.0,0.0
1,3,0.3333333333333333,1.0,0.05,46,1000,1960.8502996143397,1960.8502996143397,0.0,0.0
1,3,0.3333333333333333,1.0,0.05,47,1000,1922.847246693276,1922.847246693276,0.0,0.0
1,3,0.3333333333333333,1.0,0.05,48,1000,1867.448627851326,1867.448627851326,0.0,0.0
1,3,0.3333333333333333,1.0,0.05,49,1000,1863.6980420016957,1863.6980420016957,0.0,0.0
1,3,0.3333333333333333,1.0,0.1,0,1000,1950.9462688291503,1950.9462688291503,0.0,0.0
1,3,0.3333333333333333,1.0,0.1,1,1000,1926.3927432210398,1926.3927432210398,0.0,0.0
1,3,0.3333333333333333,1.0,0.1,2,1000,1849.5458249791254,1849.5458249791254,0.0,0.0
1,3,0.3333333333333333,1.0,0.1,3,1000,1898.4192025564826,1898.4192025564826,0.0,0.0
1,3,0.3333333333333333,1.0,0.1,4,1000,1950.1644819042808,1950.1644819042808,0.0,0.0
1,3,0.3333333333333333,1.0,0.1,5,1000,1917.8646761779733,1917.8646761779733,0.0,0.0
1,3,0.3333333333333333,1.0,0.1,6,1000,1908.2524198464225,1908.2524198464225,0.0,0.0
1,3,0.3333333333333333,1.0,0.1,7,1000,2008.2965023539123,2008.2965023539123,0.0,0.0
1,3,0.3333333333333333,1.0,0.1,8,1000,1914.3671158262798,1914.3671158262798,0.0,0.0
1,3,0.3333333333333333,1.0,0.1,9,1000,1958.478121694122,1958.478121694122,0.0,0.0
1,3,0.3333333333333333,1.0,0.1,10,1000,1948.869223151843,1948.869223151843,0.0,0.0
1,3,0.3333333333333333,1.0,0.1,11,1000,1968.781698764393,1968.781698764393,0.0,0.0
1,3,0.3333333333333333,1.0,0.1,12,1000,1894.3328137451622,1894.3328137451622,0.0,0.0
1,3,0.3333333333333333,1.0,0.1,13,1000,1935.7094958026432,1935.7094958026432,0.0,0.0
1,3,0.3333333333333333,1.0,0.1,14,1000,1910.8510543251869,1910.8510543251869,0.0,0.0
1,3,0.3333333333333333,1.0,0.1,15,1000,1951.5916862422496,1951.5916862422496,0.0,0.0
1,3,0.3333333333333333,1.0,0.1,16,1000,1938.9817530421988,1938.9817530421988,0.0,0.0
1,3,0.3333333333333333,1.0,0.1,17,1000,1921.608749285176,1921.608749285176,0.0,0.0
1,3,0.3333333333333333,1.0,0.1,18,1000,1843.2601107025375,1843.2601107025375,0.0,0.0
1,3,0.3333333333333333,1.0,0.1,19,1000,1953.299611728731,1953.299611728731,0.0,0.0
1,3,0.3333333333333333,1.0,0.1,20,1000,1926.7790588276782,1926.7790588276782,0.0,0.0
1,3,0.3333333333333333,1.0,0.1,21,1000,1849.0192061128569,1849.0192061128569,0.0,0.0
1,3,0.3333333333333333,1.0,0.1,22,1000,1949.3284453720169,1949.3284453720169,0.0,0.0
1,3,0.3333333333333333,1.0,0.1,23,1000,1977.5109638565316,1977.5109638565316,0.0,0.0
1,3,0.3333333333333333,1.0,0.1,24,1000,1954.330085868728,1954.330085868728,0.0,0.0
1,3,0.3333333333333333,1.0,0.1,25,1000,1948.8841591887149,1948.8841591887149,0.0,0.0
1,3,0.3333333333333333,1.0,0.1,26,1000,1932.7560329562348,1932.7560329562348,0.0,0.0
1,3,0.3333333333333333,1.0,0.1,27,1000,1903.215987680223,1903.215987680223,0.0,0.0
1,3,0.3333333333333333,1.0,0.1,28,1000,1800.9371286811631,1800.9371286811631,0.0,0.0
1,3,0.3333333333333333,1.0,0.1,29,1000,1863.9166909462624,1863.9166909462624,0.0,0.0
1,3,0.3333333333333333,1.0,0.1,30,1000,1922.9682016734441,1922.9682016734441,0.0,0.0
1,3,0.3333333333333333,1.0,0.1,31,1000,1971.6039013106201,1971.6039013106201,0.0,0.0
1,3,0.3333333333333333,1.0,0.1,32,1000,1951.194293219639,1951.194293219639,0.0,0.0
1,3,0.3333333333333333,1.0,0.1,33,1000,1990.139080454765,1990.139080454765,0.0,0.0
1,3,0.3333333333333333,1.0,0.1,34,1000,1874.573703155655,1874.573703155655,0.0,0.0
1,3,0.3333333333333333,1.0,0.1,35,1000,1975.272070986371,1975.272070986371,0.0,0.0
1,3,0.3333333333333333,1.0,0.1,36,1000,1929.664684072257,1929.664684072257,0.0,0.0
1,3,0.3333333333333333,1.0,0.1,37,1000,1798.7803600829134,1798.7803600829134,0.0,0.0
1,3,0.3333333333333333,1.0,0.1,38,1000,1963.1727533428746,1963.1727533428746,0.0,0.0
1,3,0.3333333333333333,1.0,0.1,39,1000,1945.6623406000358,1945.6623406000358,0.0,0.0
1,3,0.3333333333333333,1.0,0.1,40,1000,1891.3612955177543,1891.3612955177543,0.0,0.0
1,3,0.3333333333333333,1.0,0.1,41,1000,1918.5033594127055,1918.5033594127055,0.0,0.0
1,3,0.3333333333333333,1.0,0.1,42,1000,1897.8686358598472,1897.8686358598472,0.0,0.0
1,3,0.3333333333333333,1.0,0.1,43,1000,1939.7328585866976,1939.7328585866976,0.0,0.0
1,3,0.3333333333333333,1.0,0.1,44,1000,1946.677284117043,1946.677284117043,0.0,0.0
1,3,0.3333333333333333,1.0,0.1,45,1000,1957.5705175172113,1957.5705175172113,0.0,0.0
1,3,0.3333333333333333,1.0,0.1,46,1000,1874.8901264792128,1874.8901264792128,0.0,0.0
1,3,0.3333333333333333,1.0,0.1,47,1000,1930.7085637233527,1930.7085637233527,0.0,0.0
1,3,0.3333333333333333,1.0,0.1,48,1000,1878.350963414268,1878.350963414268,0.0,0.0
1,3,0.3333333333333333,1.0,0.1,49,1000,1961.8291006343304,1961.8291006343304,0.0,0.0
1,3,0.3333333333333333,1.0,0.2,0,1000,1904.3393368689447,1904.3393368689447,0.0,0.0
1,3,0.3333333333333333,1.0,0.2,1,1000,1790.521148917693,1790.521148917693,0.0,0.0
1,3,0.3333333333333333,1.0,0.2,2,1000,1867.213934764703,1867.213934764703,0.0,0.0
1,3,0.3333333333333333,1.0,0.2,3,1000,1922.8134786955438,1922.8134786955438,0.0,0.0
1,3,0.3333333333333333,1.0,0.2,4,1000,1785.9127540608533,1785.9127540608533,0.0,0.0
1,3,0.3333333333333333,1.0,0.2,5,1000,1874.102083316288,1874.102083316288,0.0,0.0
1,3,0.3333333333333333,1.0,0.2,6,1000,1847.9358948352005,1847.9358948352005,0.0,0.0
1,3,0.3333333333333333,1.0,0.2,7,1000,1882.993230464841,1882.993230464841,0.0,0.0
1,3,0.3333333333333333,1.0,0.2,8,1000,1885.4538922629479,1885.4538922629479,0.0,0.0
1,3,0.3333333333333333,1.0,0.2,9,1000,1906.5737822528727,1906.5737822528727,0.0,0.0
1,3,0.3333333333333333,1.0,0.2,10,1000,1823.4147560854728,1823.4147560854728,0.0,0.0
1,3,0.3333333333333333,1.0,0.2,11,1000,1898.6658053363885,1898.6658053363885,0.0,0.0
1,3,0.3333333333333333,1.0,0.2,12,1000,1827.0426864103706,1827.0426864103706,0.0,0.0
1,3,0.3333333333333333,1.0,0.2,13,1000,1834.168981878624,1834.168981878624,0.0,0.0
1,3,0.3333333333333333,1.0,0.2,14,1000,1941.6765214787258,1941.6765214787258,0.0,0.0
1,3,0.3333333333333333,1.0,0.2,15,1000,1930.8401412171836,1930.8401412171836,0.0,0.0
1,3,0.3333333333333333,1.0,0.2,16,1000,1926.3457467806923,1926.3457467806923,0.0,0.0
1,3,0.3333333333333333,1.0,0.2,17,1000,1853.8053052960013,1853.8053052960013,0.0,0.0
1,3,0.3333333333333333,1.0,0.2,18,1000,1893.1884919023043,1893.1884919023043,0.0,0.0
1,3,0.3333333333333333,1.0,0.2,19,1000,1887.0943166307593,1887.0943166307593,0.0,0.0
1,3,0.3333333333333333,1.0,0.2,20,1000,1923.0887661091003,1923.0887661091003,0.0,0.0
1,3,0.3333333333333333,1.0,0.2,21,1000,1875.7510403612632,1875.7510403612632,0.0,0.0
1,3,0.3333333333333333,1.0,0.2,22,1000,1916.0532168493307,1916.0532168493307,0.0,0.0
1,3,0.3333333333333333,1.0,0.2,23,1000,1848.1331277788508,1848.1331277788508,0.0,0.0
1,3,0.3333333333333333,1.0,0.2,24,1000,1846.6687275832232,1846.6687275832232,0.0,0.0
1,3,0.3333333333333333,1.0,0.2,25,1000,1901.755289652078,1901.755289652078,0.0,0.0
1,3,0.3333333333333333,1.0,0.2,26,1000,1879.0049476918741,1879.0049476918741,0.0,0.0
1,3,0.3333333333333333,1.0,0.2,27,1000,1877.4358503771596,1877.4358503771596,0.0,0.0
1,3,0.3333333333333333,1.0,0.2,28,1000,1887.3717096107107,1887.3717096107107,0.0,0.0
1,3,0.3333333333333333,1.0,0.2,29,1000,1953.9893301142151,1953.9893301142151,0.0,0.0
1,3,0.3333333333333333,1.0,0.2,30,1000,1863.559131891615,1863.559131891615,0.0,0.0
1,3,0.3333333333333333,1.0,0.2,31,1000,1890.7157144908742,1890.7157144908742,0.0,0.0
1,3,0.3333333333333333,1.0,0.2,32,1000,1879.56715749086,1879.56715749086,0.0,0.0
1,3,0.3333333333333333,1.0,0.2,33,1000,1938.5120874285249,1938.5120874285249,0.0,0.0
1,3,0.3333333333333333,1.0,0.2,34,1000,1846.1301394589739,1846.1301394589739,0.0,0.0
1,3,0.3333333333333333,1.0,0.2,35,1000,1860.9515463441983,1860.9515463441983,0.0,0.0
1,3,0.3333333333333333,1.0,0.2,36,1000,1846.170799793113,1846.170799793113,0.0,0.0
1,3,0.3333333333333333,1.0,0.2,37,1000,1935.728217022622,1935.728217022622,0.0,0.0
1,3,0.3333333333333333,1.0,0.2,38,1000,1856.859810346603,1856.859810346603,0.0,0.0
1,3,0.3333333333333333,1.0,0.2,39,1000,1850.0606926644978,1850.0606926644978,0.0,0.0
1,3,0.3333333333333333,1.0,0.2,40,1000,1870.0259548858564,1870.0259548858564,0.0,0.0
1,3,0.3333333333333333,1.0,0.2,41,1000,1890.2935010730482,1890.2935010730482,0.0,0.0
1,3,0.3333333333333333,1.0,0.2,42,1000,1871.8613234454783,1871.8613234454783,0.0,0.0
1,3,0.3333333333333333,1.0,0.2,43,1000,1906.9338373849823,1906.9338373849823,0.0,0.0
1,3,0.3333333333333333,1.0,0.2,44,1000,1866.3978713310103,1866.3978713310103,0.0,0.0
1,3,0.3333333333333333,1.0,0.2,45,1000,1902.2284703968853,1902.2284703968853,0.0,0.0
1,3,0.3333333333333333,1.0,0.2,46,1000,1954.3473890156295,1954.3473890156295,0.0,0.0
1,3,0.3333333333333333,1.0,0.2,47,1000,1939.1792360801564,1939.1792360801564,0.0,0.0
1,3,0.3333333333333333,1.0,0.2,48,1000,1886.0967595256143,1886.0967595256143,0.0,0.0
1,3,0.3333333333333333,1.0,0.2,49,1000,1860.2120464069583,1860.2120464069583,0.0,0.0
1,3,0.3333333333333333,1.0,0.3,0,1000,1844.1919303365398,1844.1919303365398,0.0,0.0
1,3,0.3333333333333333,1.0,0.3,1,1000,1781.8091624510273,1781.8091624510273,0.0,0.0
1,3,0.3333333333333333,1.0,0.3,2,1000,1769.3704221997925,1769.3704221997925,0.0,0.0
1,3,0.3333333333333333,1.0,0.3,3,1000,1871.0537818918463,1871.0537818918463,0.0,0.0
1,3,0.3333333333333333,1.0,0.3,4,1000,1807.4996810906005,1807.4996810906005,0.0,0.0
1,3,0.3333333333333333,1.0,0.3,5,1000,1852.8265436065633,1852.8265436065633,0.0,0.0
1,3,0.3333333333333333,1.0,0.3,6,1000,1816.7188609548793,1816.7188609548793,0.0,0.0
1,3,0.3333333333333333,1.0,0.3,7,1000,1843.0163325359624,1843.0163325359624,0.0,0.0
1,3,0.3333333333333333,1.0,0.3,8,1000,1792.1451684840679,1792.1451684840679,0.0,0.0
1,3,0.3333333333333333,1.0,0.3,9,1000,1799.472482532801,1799.472482532801,0.0,0.0
1,3,0.3333333333333333,1.0,0.3,10,1000,1798.469237394644,1798.469237394644,0.0,0.0
1,3,0.3333333333333333,1.0,0.3,11,1000,1844.561680452816,1844.561680452816,0.0,0.0
1,3,0.3333333333333333,1.0,0.3,12,1000,1811.2558189761078,1811.2558189761078,0.0,0.0
1,3,0.3333333333333333,1.0,0.3,13,1000,1875.3423341946154,1875.3423341946154,0.0,0.0
1,3,0.3333333333333333,1.0,0.3,14,1000,1880.897778089824,1880.897778089824,0.0,0.0
1,3,0.3333333333333333,1.0,0.3,15,1000,1872.3441785221507,1872.3441785221507,0.0,0.0
1,3,0.3333333333333333,1.0,0.3,16,1000,1784.3499915202362,1784.3499915202362,0.0,0.0
1,3,0.3333333333333333,1.0,0.3,17,1000,1756.8658252840341,1756.8658252840341,0.0,0.0
1,3,0.3333333333333333,1.0,0.3,18,1000,1785.1932709190003,1785.1932709190003,0.0,0.0
1,3,0.3333333333333333,1.0,0.3,19,1000,1849.8407603564672,1849.8407603564672,0.0,0.0
1,3,0.3333333333333333,1.0,0.3,20,1000,1853.7088816079477,1853.7088816079477,0.0,0.0
1,3,0.3333333333333333,1.0,0.3,21,1000,1808.5628227739498,1808.5628227739498,0.0,0.0
1,3,0.3333333333333333,1.0,0.3,22,1000,1843.3905669397109,1843.3905669397109,0.0,0.0
1,3,0.3333333333333333,1.0,0.3,23,1000,1769.2385648723202,1769.2385648723202,0.0,0.0
1,3,0.3333333333333333,1.0,0.3,24,1000,1821.8576229830883,1821.8576229830883,0.0,0.0
1,3,0.3333333333333333,1.0,0.3,25,1000,1867.1374257422656,1867.1374257422656,0.0,0.0
1,3,0.3333333333333333,1.0,0.3,26,1000,1820.523031349499,1820.523031349499,0.0,0.0
1,3,0.3333333333333333,1.0,0.3,27,1000,1773.8681807103032,1773.8681807103032,0.0,0.0
1,3,0.3333333333333333,1.0,0.3,28,1000,1801.1708798276914,1801.1708798276914,0.0,0.0
1,3,0.3333333333333333,1.0,0.3,29,1000,1847.6274235269816,1847.6274235269816,0.0,0.0
1,3,0.3333333333333333,1.0,0.3,30,1000,1842.5645444148693,1842.5645444148693,0.0,0.0
1,3,0.3333333333333333,1.0,0.3,31,1000,1854.949312305867,1854.949312305867,0.0,0.0
1,3,0.3333333333333333,1.0,0.3,32,1000,1865.312461617458,1865.312461617458,0.0,0.0
1,3,0.3333333333333333,1.0,0.3,33,1000,1826.6681968056494,1826.6681968056494,0.0,0.0
1,3,0.3333333333333333,1.0,0.3,34,1000,1810.3903902412515,1810.3903902412515,0.0,0.0
1,3,0.3333333333333333,1.0,0.3,35,1000,1828.469018338072,1828.469018338072,0.0,0.0
1,3,0.3333333333333333,1.0,0.3,36,1000,1822.0094855437462,1822.0094855437462,0.0,0.0
1,3,0.3333333333333333,1.0,0.3,37,1000,1854.9062263740798,1854.9062263740798,0.0,0.0
1,3,0.3333333333333333,1.0,0.3,38,1000,1887.281527790927,1887.281527790927,0.0,0.0
1,3,0.3333333333333333,1.0,0.3,39,1000,1882.5477142986913,1882.5477142986913,0.0,0.0
1,3,0.3333333333333333,1.0,0.3,40,1000,1830.2102317930007,1830.2102317930007,0.0,0.0
1,3,0.3333333333333333,1.0,0.3,41,1000,1907.0106250587935,1907.0106250587935,0.0,0.0
1,3,0.3333333333333333,1.0,0.3,42,1000,1846.8005108908092,1846.8005108908092,0.0,0.0
1,3,0.3333333333333333,1.0,0.3,43,1000,1797.9596798993005,1797.9596798993005,0.0,0.0
1,3,0.3333333333333333,1.0,0.3,44,1000,1804.3913164851465,1804.3913164851465,0.0,0.0
1,3,0.3333333333333333,1.0,0.3,45,1000,1834.4258167698626,1834.4258167698626,0.0,0.0
1,3,0.3333333333333333,1.0,0.3,46,1000,1838.643359034277,1838.643359034277,0.0,0.0
1,3,0.3333333333333333,1.0,0.3,47,1000,1819.9517358923254,1819.9517358923254,0.0,0.0
1,3,0.3333333333333333,1.0,0.3,48,1000,1782.6239869237827,1782.6239869237827,0.0,0.0
1,3,0.3333333333333333,1.0,0.3,49,1000,1732.744432728651,1732.744432728651,0.0,0.0
2,6,0.3333333333333333,1.0,0.0,0,1000,997.0472955395148,498.5236477697574,1.0,0.0
2,6,0.3333333333333333,1.0,0.0,1,1000,1026.4751576670694,513.2375788335347,1.0,0.0
2,6,0.3333333333333333,1.0,0.0,2,1000,1000.8189707875202,500.4094853937601,1.0,0.0
2,6,0.3333333333333333,1.0,0.0,3,1000,981.9576734180741,490.97883670903707,1.0,0.0
2,6,0.3333333333333333,1.0,0.0,4,1000,1010.3296293819435,505.16481469097175,1.0,0.0
2,6,0.3333333333333333,1.0,0.0,5,1000,981.8903909508585,490.9451954754293,1.0,0.0
2,6,0.3333333333333333,1.0,0.0,6,1000,1037.3396739041302,518.6698369520651,1.0,0.0
2,6,0.3333333333333333,1.0,0.0,7,1000,976.2308811583744,488.1154405791872,1.0,0.0
2,6,0.3333333333333333,1.0,0.0,8,1000,981.0041418923001,490.50207094615007,1.0,0.0
2,6,0.3333333333333333,1.0,0.0,9,1000,971.5425857736069,485.77129288680345,1.0,0.0
2,6,0.3333333333333333,1.0,0.0,10,1000,945.7218559947626,472.8609279973813,1.0,0.0
2,6,0.3333333333333333,1.0,0.0,11,1000,1031.8268337789436,515.9134168894718,1.0,0.0
2,6,0.3333333333333333,1.0,0.0,12,1000,1008.3736356455173,504.18681782275866,1.0,0.0
2,6,0.3333333333333333,1.0,0.0,13,1000,1446.4052771074378,723.2026385537189,1.0,0.0
2,6,0.3333333333333333,1.0,0.0,14,1000,1949.1841790815554,974.5920895407777,1.0,0.0
2,6,0.3333333333333333,1.0,0.0,15,1000,1007.7233127505508,503.8616563752754,1.0,0.0
2,6,0.3333333333333333,1.0,0.0,16,1000,1022.35872825297,511.179364126485,1.0,0.0
2,6,0.3333333333333333,1.0,0.0,17,1000,1035.2323848258234,517.6161924129117,1.0,0.0
2,6,0.3333333333333333,1.0,0.0,18,1000,1030.1389597871619,515.0694798935809,1.0,0.0
2,6,0.3333333333333333,1.0,0.0,19,1000,1490.4236668693518,745.2118334346759,1.0,0.0
2,6,0.3333333333333333,1.0,0.0,20,1000,978.603859946034,489.301929973017,1.0,0.0
2,6,0.3333333333333333,1.0,0.0,21,1000,965.9653624835622,482.9826812417811,1.0,0.0
2,6,0.3333333333333333,1.0,0.0,22,1000,969.4487786631964,484.7243893315982,1.0,0.0
2,6,0.3333333333333333,1.0,0.0,23,1000,1011.3305587081704,505.6652793540852,1.0,0.0
2,6,0.3333333333333333,1.0,0.0,24,1000,975.415561081159,487.7077805405795,1.0,0.0
2,6,0.3333333333333333,1.0,0.0,25,1000,1043.2718668963514,521.6359334481757,1.0,0.0
2,6,0.3333333333333333,1.0,0.0,26,1000,965.4937886619003,482.74689433095017,1.0,0.0
2,6,0.3333333333333333,1.0,0.0,27,1000,980.5143834710824,490.2571917355412,1.0,0.0
2,6,0.3333333333333333,1.0,0.0,28,1000,1026.1834722223623,513.0917361111811,1.0,0.0
2,6,0.3333333333333333,1.0,0.0,29,1000,1035.1171510489876,517.5585755244938,1.0,0.0
2,6,0.3333333333333333,1.0,0.0,30,1000,1015.1463482186343,507.57317410931716,1.0,0.0
2,6,0.3333333333333333,1.0,0.0,31,1000,1496.1594664071306,748.0797332035653,1.0,0.0
2,6,0.3333333333333333,1.0,0.0,32,1000,979.1174218615919,489.55871093079594,1.0,0.0
2,6,0.3333333333333333,1.0,0.0,33,1000,959.0246253503857,479.51231267519285,1.0,0.0
2,6,0.3333333333333333,1.0,0.0,34,1000,997.1505984070981,498.57529920354904,1.0,0.0
2,6,0.3333333333333333,1.0,0.0,35,1000,1473.4204083790708,736.7102041895354,1.0,0.0
2,6,0.3333333333333333,1.0,0.0,36,1000,962.0026443013945,481.00132215069726,1.0,0.0
2,6,0.3333333333333333,1.0,0.0,37,1000,1526.6007587741435,763.3003793870718,1.0,0.0
2,6,0.3333333333333333,1.0,0.0,38,1000,970.3819599711869,485.19097998559346,1.0,0.0
2,6,0.3333333333333333,1.0,0.0,39,1000,1005.7760749309465,502.88803746547325,1.0,0.0
2,6,0.3333333333333333,1.0,0.0,40,1000,992.4362582497561,496.21812912487803,1.0,0.0
2,6,0.3333333333333333,1.0,0.0,41,1000,992.9632459687244,496.4816229843622,1.0,0.0
2,6,0.3333333333333333,1.0,0.0,42,1000,983.6132082212221,491.80660411061103,1.0,0.0
2,6,0.3333333333333333,1.0,0.0,43,1000,981.227506265937,490.6137531329685,1.0,0.0
2,6,0.3333333333333333,1.0,0.0,44,1000,1022.9474503179317,511.47372515896586,1.0,0.0
2,6,0.3333333333333333,1.0,0.0,45,1000,993.3792726810555,496.6896363405277,1.0,0.0
2,6,0.3333333333333333,1.0,0.0,46,1000,1490.7694724766623,745.3847362383311,1.0,0.0
2,6,0.3333333333333333,1.0,0.0,47,1000,1017.6953441799496,508.8476720899748,1.0,0.0
2,6,0.3333333333333333,1.0,0.0,48,1000,977.9107531603781,488.95537658018907,1.0,0.0
2,6,0.3333333333333333,1.0,0.0,49,1000,1012.3062507861945,506.15312539309724,1.0,0.0
2,6,0.3333333333333333,1.0,0.01,0,1000,3600.7188939146963,1800.3594469573482,0.078,88.3668603179807
2,6,0.3333333333333333,1.0,0.01,1,1000,3217.2722345304883,1608.6361172652441,0.011,171.8830362532732
2,6,0.3333333333333333,1.0,0.01,2,1000,2818.410438477854,1409.205219238927,0.183,41.54166630250916
2,6,0.3333333333333333,1.0,0.01,3,1000,2911.2416280066527,1455.6208140033264,0.062,298.2953651477402
2,6,0.3333333333333333,1.0,0.01,4,1000,2841.262302909468,1420.631151454734,0.246,216.0501526124183
2,6,0.3333333333333333,1.0,0.01,5,1000,3000.5270557621334,1500.2635278810667,0.02,504.61545792782726
2,6,0.3333333333333333,1.0,0.01,6,1000,3925.860927930262,1962.930463965131,0.002,46.24914336753761
2,6,0.3333333333333333,1.0,0.01,7,1000,3187.4249711261573,1593.7124855630786,0.039,192.0439471481692
2,6,0.3333333333333333,1.0,0.01,8,1000,3405.7051550661763,1702.8525775330882,0.037,183.8029746080632
2,6,0.3333333333333333,1.0,0.01,9,1000,3775.7279060420096,1887.8639530210048,0.011,57.705794149932785
2,6,0.3333333333333333,1.0,0.01,10,1000,3711.504467531845,1855.7522337659225,0.029,14.440356401521058
2,6,0.3333333333333333,1.0,0.01,11,1000,2479.2353498533002,1239.6176749266501,0.379,146.09790604746047
2,6,0.3333333333333333,1.0,0.01,12,1000,3787.7016726004713,1893.8508363002356,0.032,64.45955830687808
2,6,0.3333333333333333,1.0,0.01,13,1000,3651.48681146493,1825.743405732465,0.084,43.542743406399495
2,6,0.3333333333333333,1.0,0.01,14,1000,3442.796233378379,1721.3981166891895,0.265,4.9899052576744225
2,6,0.3333333333333333,1.0,0.01,15,1000,3474.126529202291,1737.0632646011454,0.041,200.70650409013967
2,6,0.3333333333333333,1.0,0.01,16,1000,3658.4255554439924,1829.2127777219962,0.025,96.8617966783612
2,6,0.3333333333333333,1.0,0.01,17,1000,3564.7241346327655,1782.3620673163828,0.029,163.59213494503706
2,6,0.3333333333333333,1.0,0.01,18,1000,3427.3960376116156,1713.6980188058078,0.125,63.954930188375215
2,6,0.3333333333333333,1.0,0.01,19,1000,2607.941767364929,1303.9708836824645,0.141,266.1795975990085
2,6,0.3333333333333333,1.0,0.01,20,1000,3885.4945423773365,1942.7472711886683,0.026,64.12625260190885
2,6,0.3333333333333333,1.0,0.01,21,1000,3192.0350202204045,1596.0175101102022,0.007,430.2906607404618
2,6,0.3333333333333333,1.0,0.01,22,1000,3578.983166078614,1789.491583039307,0.053,75.91311595467721
2,6,0.3333333333333333,1.0,0.01,23,1000,3181.7522709813957,1590.8761354906978,0.045,274.52495073738305
2,6,0.3333333333333333,1.0,0.01,24,1000,2955.473623776036,1477.736811888018,0.229,53.97197024393711
2,6,0.3333333333333333,1.0,0.01,25,1000,2823.4595267427267,1411.7297633713633,0.196,165.89889343818504
2,6,0.3333333333333333,1.0,0.01,26,1000,3200.8831594516123,1600.4415797258062,0.252,82.97842236119823
2,6,0.3333333333333333,1.0,0.01,27,1000,2797.3622127241806,1398.6811063620903,0.054,36.44481666754257
2,6,0.3333333333333333,1.0,0.01,28,1000,2656.1723986205548,1328.0861993102774,0.391,132.1968328962339
2,6,0.3333333333333333,1.0,0.01,29,1000,3204.4613309363276,1602.2306654681638,0.026,381.44307853784494
2,6,0.3333333333333333,1.0,0.01,30,1000,3575.979634984168,1787.989817492084,0.034,150.889380607617
2,6,0.3333333333333333,1.0,0.01,31,1000,3106.2818131421654,1553.1409065710827,0.147,184.35335176342028
2,6,0.3333333333333333,1.0,0.01,32,1000,3568.1911452881895,1784.0955726440948,0.008,191.14731313729874
2,6,0.3333333333333333,1.0,0.01,33,1000,3238.7665945868416,1619.3832972934208,0.044,14.5616719707632
2,6,0.3333333333333333,1.0,0.01,34,1000,2974.4490738800373,1487.2245369400187,0.135,126.52810905205502
2,6,0.3333333333333333,1.0,0.01,35,1000,3232.4237576161977,1616.2118788080988,0.03,172.22682063490367
2,6,0.3333333333333333,1.0,0.01,36,1000,3971.9460819159103,1985.9730409579552,0.009,21.52767184839024
2,6,0.3333333333333333,1.0,0.01,37,1000,3891.7388565784736,1945.8694282892368,0.03,13.154769126834253
2,6,0.3333333333333333,1.0,0.01,38,1000,3082.8058459696663,1541.4029229848331,0.071,120.17631563501868
2,6,0.3333333333333333,1.0,0.01,39,1000,3790.5740885064297,1895.2870442532148,0.073,5.652040458080705
2,6,0.3333333333333333,1.0,0.01,40,1000,3177.5047372115932,1588.7523686057966,0.053,353.67648643848486
2,6,0.3333333333333333,1.0,0.01,41,1000,2779.0311664309515,1389.5155832154758,0.153,386.87741937059235
2,6,0.3333333333333333,1.0,0.01,42,1000,3835.961505035185,1917.9807525175925,0.014,14.333264272605106
2,6,0.3333333333333333,1.0,0.01,43,1000,3434.9748807096344,1717.4874403548172,0.132,15.034809070340543
2,6,0.3333333333333333,1.0,0.01,44,1000,3290.574519734493,1645.2872598672466,0.032,269.87867302657844
2,6,0.3333333333333333,1.0,0.01,45,1000,3522.089933323276,1761.044966661638,0.095,85.57009972553169
2,6,0.3333333333333333,1.0,0.01,46,1000,3525.232076423542,1762.616038211771,0.024,293.521584695619
2,6,0.3333333333333333,1.0,0.01,47,1000,3139.453264302998,1569.726632151499,0.083,275.14282113831575
2,6,0.3333333333333333,1.0,0.01,48,1000,3104.7074195527402,1552.3537097763701,0.022,129.05134338151038
2,6,0.3333333333333333,1.0,0.01,49,1000,2655.862365403407,1327.9311827017034,0.13,394.00138741864157
2,6,0.3333333333333333,1.0,0.05,0,1000,3671.559235353423,1835.7796176767115,0.033,116.45582862649462
2,6,0.3333333333333333,1.0,0.05,1,1000,3749.8634455562533,1874.9317227781266,0.025,11.868300004544153
2,6,0.3333333333333333,1.0,0.05,2,1000,3684.000433234707,1842.0002166173535,0.024,52.16370169255026
2,6,0.3333333333333333,1.0,0.05,3,1000,3596.5496626327645,1798.2748313163822,0.015,115.52833407711887
2,6,0.3333333333333333,1.0,0.05,4,1000,3701.092854697309,1850.5464273486546,0.055,66.77148676613353
2,6,0.3333333333333333,1.0,0.05,5,1000,3793.004171771172,1896.502085885586,0.022,55.04417721150469
2,6,0.3333333333333333,1.0,0.05,6,1000,3599.6633905269655,1799.8316952634827,0.014,133.8735678273557
2,6,0.3333333333333333,1.0,0.05,7,1000,3526.0555845385334,1763.0277922692667,0.084,100.00004831652211
2,6,0.3333333333333333,1.0,0.05,8,1000,3850.1437361956505,1925.0718680978252,0.017,31.34944353287392
2,6,0.3333333333333333,1.0,0.05,9,1000,3674.0843382993426,1837.0421691496713,0.015,98.5726915726176
2,6,0.3333333333333333,1.0,0.05,10,1000,3785.566224734548,1892.783112367274,0.022,4.540269928010844
2,6,0.3333333333333333,1.0,0.05,11,1000,3767.6909501837144,1883.8454750918572,0.065,66.12493763898533
2,6,0.3333333333333333,1.0,0.05,12,1000,3674.0263165725155,1837.0131582862577,0.025,143.7435897608225
2,6,0.3333333333333333,1.0,0.05,13,1000,3877.4493486907413,1938.7246743453707,0.027,14.552303512767025
2,6,0.3333333333333333,1.0,0.05,14,1000,3793.163860427912,1896.581930213956,0.047,3.815681532373219
2,6,0.3333333333333333,1.0,0.05,15,1000,3731.7768635043285,1865.8884317521643,0.046,55.823223099546
2,6,0.3333333333333333,1.0,0.05,16,1000,3855.2424130194495,1927.6212065097247,0.041,49.692213260615176
2,6,0.3333333333333333,1.0,0.05,17,1000,3830.527499693614,1915.263749846807,0.031,30.449127551825768
2,6,0.3333333333333333,1.0,0.05,18,1000,3373.548427728342,1686.774213864171,0.059,148.71639213544654
2,6,0.3333333333333333,1.0,0.05,19,1000,3797.6106430702894,1898.8053215351447,0.033,12.41237328636953
2,6,0.3333333333333333,1.0,0.05,20,1000,3752.812221208993,1876.4061106044965,0.032,80.44833844229572
2,6,0.3333333333333333,1.0,0.05,21,1000,3956.8200142317723,1978.4100071158862,0.021,38.258971007686114
2,6,0.3333333333333333,1.0,0.05,22,1000,3714.7075140858683,1857.3537570429341,0.033,73.48385057800601
2,6,0.3333333333333333,1.0,0.05,23,1000,3655.7079061035465,1827.8539530517733,0.039,92.69896610409751
2,6,0.3333333333333333,1.0,0.05,24,1000,3789.7521384156653,1894.8760692078326,0.045,13.144982165343322
2,6,0.3333333333333333,1.0,0.05,25,1000,3800.5386413618735,1900.2693206809367,0.023,43.421285951638424
2,6,0.3333333333333333,1.0,0.05,26,1000,3803.61883313284,1901.80941656642,0.015,74.92562377070976
2,6,0.3333333333333333,1.0,0.05,27,1000,3756.443013560191,1878.2215067800955,0.024,103.16153718851047
2,6,0.3333333333333333,1.0,0.05,28,1000,3756.136622035861,1878.0683110179305,0.057,15.000289080593348
2,6,0.3333333333333333,1.0,0.05,29,1000,3754.6045774783197,1877.3022887391598,0.037,9.207693698069534
2,6,0.3333333333333333,1.0,0.05,30,1000,3959.4465993571066,1979.7232996785533,0.028,5.155657932144663
2,6,0.3333333333333333,1.0,0.05,31,1000,3652.438446224898,1826.219223112449,0.042,14.65561508067833
2,6,0.3333333333333333,1.0,0.05,32,1000,3448.192261891039,1724.0961309455195,0.019,207.09088572564633
2,6,0.3333333333333333,1.0,0.05,33,1000,3648.1968232678664,1824.0984116339332,0.052,127.8920433791252
2,6,0.3333333333333333,1.0,0.05,34,1000,3424.635561909803,1712.3177809549015,0.059,157.78383633326632
2,6,0.3333333333333333,1.0,0.05,35,1000,3859.412694732325,1929.7063473661624,0.024,35.630517413520465
2,6,0.3333333333333333,1.0,0.05,36,1000,3466.499609126464,1733.249804563232,0.017,193.1202775862415
2,6,0.3333333333333333,1.0,0.05,37,1000,3607.681047071708,1803.840523535854,0.023,169.0711181600277
2,6,0.3333333333333333,1.0,0.05,38,1000,3723.8340863234525,1861.9170431617263,0.03,53.578001043856375
2,6,0.3333333333333333,1.0,0.05,39,1000,3628.802314814372,1814.401157407186,0.024,98.92015243438493
2,6,0.3333333333333333,1.0,0.05,40,1000,3792.272602065057,1896.1363010325285,0.022,61.91056678310963
2,6,0.3333333333333333,1.0,0.05,41,1000,3933.8413139976574,1966.9206569988287,0.02,8.86383003583785
2,6,0.3333333333333333,1.0,0.05,42,1000,3528.090666388629,1764.0453331943145,0.014,262.7177642398092
2,6,0.3333333333333333,1.0,0.05,43,1000,3438.274714423227,1719.1373572116136,0.009,269.34134300012795
2,6,0.3333333333333333,1.0,0.05,44,1000,3752.404432691398,1876.202216345699,0.049,26.08171249670886
2,6,0.3333333333333333,1.0,0.05,45,1000,3957.765330833782,1978.882665416891,0.013,50.358742595318404
2,6,0.3333333333333333,1.0,0.05,46,1000,3732.4179047232565,1866.2089523616282,0.034,53.721198596682484
2,6,0.3333333333333333,1.0,0.05,47,1000,3580.737175067381,1790.3685875336905,0.028,1.31057402783199
2,6,0.3333333333333333,1.0,0.05,48,1000,3662.089752722819,1831.0448763614095,0.03,86.37371695074046
2,6,0.3333333333333333,1.0,0.05,49,1000,3749.985799317684,1874.992899658842,0.038,9.694725588585811
2,6,0.3333333333333333,1.0,0.1,0,1000,3848.8830992722083,1924.4415496361041,0.031,29.38594245611921
2,6,0.3333333333333333,1.0,0.1,1,1000,3788.0223273621045,1894.0111636810523,0.036,8.67862408453243
2,6,0.3333333333333333,1.0,0.1,2,1000,3627.4507829919958,1813.7253914959979,0.049,113.3183065749015
2,6,0.3333333333333333,1.0,0.1,3,1000,3829.774018711474,1914.887009355737,0.039,23.416831442042735
2,6,0.3333333333333333,1.0,0.1,4,1000,3708.941909635805,1854.4709548179026,0.031,12.177073399911365
2,6,0.3333333333333333,1.0,0.1,5,1000,3815.1221706828837,1907.5610853414419,0.038,27.020749457297484
2,6,0.3333333333333333,1.0,0.1,6,1000,3815.092089039689,1907.5460445198446,0.027,3.3348905720014272
2,6,0.3333333333333333,1.0,0.1,7,1000,3874.5214969936615,1937.2607484968307,0.032,48.12808628235359
2,6,0.3333333333333333,1.0,0.1,8,1000,3741.635356843327,1870.8176784216635,0.051,18.641066592155084
2,6,0.3333333333333333,1.0,0.1,9,1000,3853.0577008782248,1926.5288504391124,0.03,27.560049460289292
2,6,0.3333333333333333,1.0,0.1,10,1000,3744.6844217999596,1872.3422108999798,0.039,6.060320403527044
2,6,0.3333333333333333,1.0,0.1,11,1000,3811.335417026093,1905.6677085130466,0.03,0.506487185738024
2,6,0.3333333333333333,1.0,0.1,12,1000,3636.444161976714,1818.222080988357,0.032,119.77264574613866
2,6,0.3333333333333333,1.0,0.1,13,1000,3764.0452048959205,1882.0226024479603,0.036,26.6089429352902
2,6,0.3333333333333333,1.0,0.1,14,1000,3697.261648919056,1848.630824459528,0.087,19.805735985558954
2,6,0.3333333333333333,1.0,0.1,15,1000,3752.2928712633,1876.14643563165,0.055,31.043637921011168
2,6,0.3333333333333333,1.0,0.1,16,1000,3621.2516564689586,1810.6258282344793,0.064,66.87409122600809
2,6,0.3333333333333333,1.0,0.1,17,1000,3600.886654587308,1800.443327293654,0.057,54.53612106687331
2,6,0.3333333333333333,1.0,0.1,18,1000,3538.368500823686,1769.184250411843,0.052,125.23986966055452
2,6,0.3333333333333333,1.0,0.1,19,1000,3782.319245015561,1891.1596225077806,0.051,6.625114650993282
2,6,0.3333333333333333,1.0,0.1,20,1000,3819.6960909440822,1909.8480454720411,0.036,19.28856931784742
2,6,0.3333333333333333,1.0,0.1,21,1000,3806.953191048845,1903.4765955244225,0.032,20.88047423799628
2,6,0.3333333333333333,1.0,0.1,22,1000,3658.045640587283,1829.0228202936414,0.043,85.0645936117561
2,6,0.3333333333333333,1.0,0.1,23,1000,3806.8537117899696,1903.4268558949848,0.046,32.207920120879976
2,6,0.3333333333333333,1.0,0.1,24,1000,3561.7734146149683,1780.8867073074841,0.039,74.78595420077181
2,6,0.3333333333333333,1.0,0.1,25,1000,3847.617391868345,1923.8086959341724,0.024,36.35646936281387
2,6,0.3333333333333333,1.0,0.1,26,1000,3741.194422389295,1870.5972111946476,0.032,73.11742871861816
2,6,0.3333333333333333,1.0,0.1,27,1000,3532.2736470243362,1766.1368235121681,0.038,118.84830164295124
2,6,0.3333333333333333,1.0,0.1,28,1000,3786.6058024710037,1893.3029012355018,0.037,32.48069950848469
2,6,0.3333333333333333,1.0,0.1,29,1000,3717.360005583539,1858.6800027917695,0.058,28.15624312808154
2,6,0.3333333333333333,1.0,0.1,30,1000,3741.8350030778092,1870.9175015389046,0.042,15.179402860724508
2,6,0.3333333333333333,1.0,0.1,31,1000,3728.325904460824,1864.162952230412,0.036,34.54936582729431
2,6,0.3333333333333333,1.0,0.1,32,1000,3831.329453435551,1915.6647267177755,0.033,8.406176443525169
2,6,0.3333333333333333,1.0,0.1,33,1000,3492.1528044339602,1746.0764022169801,0.038,143.03246788872764
2,6,0.3333333333333333,1.0,0.1,34,1000,3731.3716340094434,1865.6858170047217,0.047,15.127781316612072
2,6,0.3333333333333333,1.0,0.1,35,1000,3876.165543830778,1938.082771915389,0.057,9.316443291160795
2,6,0.3333333333333333,1.0,0.1,36,1000,3832.283679958486,1916.141839979243,0.055,2.8526170991099207
2,6,0.3333333333333333,1.0,0.1,37,1000,3437.8896691232862,1718.9448345616431,0.036,240.02680142819668
2,6,0.3333333333333333,1.0,0.1,38,1000,3773.219857546467,1886.6099287732336,0.034,31.075473250259506
2,6,0.3333333333333333,1.0,0.1,39,1000,3672.288946399027,1836.1444731995134,0.038,25.96933734344077
2,6,0.3333333333333333,1.0,0.1,40,1000,3773.7365907953545,1886.8682953976772,0.035,17.61176730522459
2,6,0.3333333333333333,1.0,0.1,41,1000,3766.81986307247,1883.409931536235,0.041,78.21765952350313
2,6,0.3333333333333333,1.0,0.1,42,1000,3646.9813971891144,1823.4906985945572,0.034,89.98030982956152
2,6,0.3333333333333333,1.0,0.1,43,1000,3751.298382628799,1875.6491913143996,0.029,17.087372246617974
2,6,0.3333333333333333,1.0,0.1,44,1000,3712.3461373605214,1856.1730686802607,0.056,56.740945619844524
2,6,0.3333333333333333,1.0,0.1,45,1000,3830.9508718268335,1915.4754359134167,0.041,17.28297607091747
2,6,0.3333333333333333,1.0,0.1,46,1000,3822.091772765125,1911.0458863825625,0.033,22.05089335807395
2,6,0.3333333333333333,1.0,0.1,47,1000,3685.4892899150072,1842.7446449575036,0.027,14.8082518052355
2,6,0.3333333333333333,1.0,0.1,48,1000,3671.158201025575,1835.5791005127876,0.031,56.80935049612515
2,6,0.3333333333333333,1.0,0.1,49,1000,3797.269103389355,1898.6345516946776,0.048,17.409840912299046
2,6,0.3333333333333333,1.0,0.2,0,1000,3563.863491177429,1781.9317455887144,0.056,24.215851528269354
2,6,0.3333333333333333,1.0,0.2,1,1000,3568.3183856325895,1784.1591928162948,0.082,21.243336312752604
2,6,0.3333333333333333,1.0,0.2,2,1000,3611.06554110504,1805.53277055252,0.068,0.07296992866508845
2,6,0.3333333333333333,1.0,0.2,3,1000,3745.446958320867,1872.7234791604335,0.059,8.024526846497565
2,6,0.3333333333333333,1.0,0.2,4,1000,3549.5491238915156,1774.7745619457578,0.057,55.3700928930723
2,6,0.3333333333333333,1.0,0.2,5,1000,3669.097371816558,1834.548685908279,0.065,1.6165486201408612
2,6,0.3333333333333333,1.0,0.2,6,1000,3456.722282039361,1728.3611410196804,0.08,19.792357972792047
2,6,0.3333333333333333,1.0,0.2,7,1000,3596.2538734114823,1798.1269367057412,0.07,36.48258819156865
2,6,0.3333333333333333,1.0,0.2,8,1000,3654.6470039411743,1827.3235019705871,0.067,11.786299102278122
2,6,0.3333333333333333,1.0,0.2,9,1000,3727.056638061602,1863.528319030801,0.054,19.155491978771238
2,6,0.3333333333333333,1.0,0.2,10,1000,3587.844037708059,1793.9220188540296,0.062,38.35942211924316
2,6,0.3333333333333333,1.0,0.2,11,1000,3572.0804176598103,1786.0402088299052,0.069,23.529204669199316
2,6,0.3333333333333333,1.0,0.2,12,1000,3596.2639297378637,1798.1319648689318,0.058,24.526551436549653
2,6,0.3333333333333333,1.0,0.2,13,1000,3598.536321771615,1799.2681608858074,0.073,12.924420862252418
2,6,0.3333333333333333,1.0,0.2,14,1000,3763.679296409101,1881.8396482045505,0.06,35.09840551313607
2,6,0.3333333333333333,1.0,0.2,15,1000,3688.610418507379,1844.3052092536896,0.071,7.830440623579875
2,6,0.3333333333333333,1.0,0.2,16,1000,3759.779536592885,1879.8897682964425,0.048,13.011377565875023
2,6,0.3333333333333333,1.0,0.2,17,1000,3584.533926442503,1792.2669632212514,0.059,13.909141766369316
2,6,0.3333333333333333,1.0,0.2,18,1000,3688.7072937734824,1844.3536468867412,0.059,29.38386155248736
2,6,0.3333333333333333,1.0,0.2,19,1000,3663.2445250954543,1831.6222625477271,0.065,20.38119212489744
2,6,0.3333333333333333,1.0,0.2,20,1000,3689.330025389324,1844.665012694662,0.067,2.571010232030744
2,6,0.3333333333333333,1.0,0.2,21,1000,3628.064137493634,1814.032068746817,0.066,4.188236165941589
2,6,0.3333333333333333,1.0,0.2,22,1000,3549.121317838481,1774.5606589192405,0.069,2.200752149138225
2,6,0.3333333333333333,1.0,0.2,23,1000,3694.9120165588924,1847.4560082794462,0.053,36.860081601608044
2,6,0.3333333333333333,1.0,0.2,24,1000,3629.8678746869864,1814.9339373434932,0.05,28.373559187420028
2,6,0.3333333333333333,1.0,0.2,25,1000,3620.613813751398,1810.306906875699,0.058,4.7229814328301245
2,6,0.3333333333333333,1.0,0.2,26,1000,3663.492820703484,1831.746410351742,0.058,42.29294367781267
2,6,0.3333333333333333,1.0,0.2,27,1000,3666.020029893605,1833.0100149468026,0.052,27.065654661218673
2,6,0.3333333333333333,1.0,0.2,28,1000,3600.2835849230096,1800.1417924615048,0.061,11.600633830849802
2,6,0.3333333333333333,1.0,0.2,29,1000,3602.6341231310334,1801.3170615655167,0.076,27.348498462984367
2,6,0.3333333333333333,1.0,0.2,30,1000,3680.142115660263,1840.0710578301314,0.06,9.223615768310651
2,6,0.3333333333333333,1.0,0.2,31,1000,3546.550132368519,1773.2750661842595,0.059,25.02972994127481
2,6,0.3333333333333333,1.0,0.2,32,1000,3610.003116011855,1805.0015580059276,0.062,16.331625909990976
2,6,0.3333333333333333,1.0,0.2,33,1000,3724.5173322744004,1862.2586661372002,0.054,31.33602612589607
2,6,0.3333333333333333,1.0,0.2,34,1000,3530.560644971646,1765.280322485823,0.065,34.78904228925546
2,6,0.3333333333333333,1.0,0.2,35,1000,3671.497038169133,1835.7485190845664,0.078,12.190684871612007
2,6,0.3333333333333333,1.0,0.2,36,1000,3627.7425098107105,1813.8712549053553,0.06,30.3978204800286
2,6,0.3333333333333333,1.0,0.2,37,1000,3756.533199939903,1878.2665999699516,0.05,19.733060275305775
2,6,0.3333333333333333,1.0,0.2,38,1000,3670.4462623310983,1835.2231311655491,0.058,4.754494628219504
2,6,0.3333333333333333,1.0,0.2,39,1000,3606.9525835415343,1803.4762917707671,0.107,68.21009333674556
2,6,0.3333333333333333,1.0,0.2,40,1000,3524.8873239191516,1762.4436619595758,0.095,9.304034757678323
2,6,0.3333333333333333,1.0,0.2,41,1000,3611.0924660152446,1805.5462330076223,0.066,49.33977685472837
2,6,0.3333333333333333,1.0,0.2,42,1000,3711.7137838367344,1855.8568919183672,0.058,5.274333108020869
2,6,0.3333333333333333,1.0,0.2,43,1000,3698.121313201542,1849.060656600771,0.065,0.6844377136665116
2,6,0.3333333333333333,1.0,0.2,44,1000,3575.32251141038,1787.66125570519,0.066,7.413307198707798
2,6,0.3333333333333333,1.0,0.2,45,1000,3676.387787472215,1838.1938937361076,0.07,10.940846996080836
2,6,0.3333333333333333,1.0,0.2,46,1000,3700.9066495692373,1850.4533247846186,0.062,0.45288544733261915
2,6,0.3333333333333333,1.0,0.2,47,1000,3694.5458084145193,1847.2729042072597,0.06,1.3801754653053422
2,6,0.3333333333333333,1.0,0.2,48,1000,3632.037462613287,1816.0187313066435,0.072,0.39473435342199537
2,6,0.3333333333333333,1.0,0.2,49,1000,3630.0746133676557,1815.0373066838279,0.059,6.1528439135021245
2,6,0.3333333333333333,1.0,0.3,0,1000,3482.4778254011762,1741.2389127005881,0.093,22.681940192611478
2,6,0.3333333333333333,1.0,0.3,1,1000,3506.9849383848227,1753.4924691924114,0.083,20.32337288344047
2,6,0.3333333333333333,1.0,0.3,2,1000,3494.2556680174794,1747.1278340087397,0.094,20.65375154420383
2,6,0.3333333333333333,1.0,0.3,3,1000,3565.5156075231953,1782.7578037615976,0.096,16.342934115400453
2,6,0.3333333333333333,1.0,0.3,4,1000,3529.4850570081885,1764.7425285040943,0.089,14.728300919690128
2,6,0.3333333333333333,1.0,0.3,5,1000,3540.918014036447,1770.4590070182235,0.095,19.45180839498596
2,6,0.3333333333333333,1.0,0.3,6,1000,3520.0122198835697,1760.0061099417849,0.085,30.408810956305274
2,6,0.3333333333333333,1.0,0.3,7,1000,3610.502097366356,1805.251048683178,0.088,25.12036651975086
2,6,0.3333333333333333,1.0,0.3,8,1000,3490.7688539386772,1745.3844269693386,0.083,19.02293266820459
2,6,0.3333333333333333,1.0,0.3,9,1000,3535.0465638979504,1767.5232819489752,0.08,11.646186319350932
2,6,0.3333333333333333,1.0,0.3,10,1000,3440.2631498814117,1720.1315749407058,0.09,15.488494392850384
2,6,0.3333333333333333,1.0,0.3,11,1000,3488.0033564542864,1744.0016782271432,0.091,16.72909389716176
2,6,0.3333333333333333,1.0,0.3,12,1000,3507.8250640603596,1753.9125320301798,0.087,38.87577087372142
2,6,0.3333333333333333,1.0,0.3,13,1000,3537.7373788011682,1768.8686894005841,0.091,46.54453297650787
2,6,0.3333333333333333,1.0,0.3,14,1000,3533.0277758621164,1766.5138879310582,0.084,3.5236286526915137
2,6,0.3333333333333333,1.0,0.3,15,1000,3606.5744244091006,1803.2872122045503,0.081,5.571780204308425
2,6,0.3333333333333333,1.0,0.3,16,1000,3532.9768803948673,1766.4884401974336,0.092,22.466942914908714
2,6,0.3333333333333333,1.0,0.3,17,1000,3446.732229643032,1723.366114821516,0.095,22.90861020346972
2,6,0.3333333333333333,1.0,0.3,18,1000,3532.868406244452,1766.434203122226,0.086,62.06306599087725
2,6,0.3333333333333333,1.0,0.3,19,1000,3558.0173674010557,1779.0086837005279,0.099,8.241492382865658
2,6,0.3333333333333333,1.0,0.3,20,1000,3525.978837385014,1762.989418692507,0.094,20.873140222130814
2,6,0.3333333333333333,1.0,0.3,21,1000,3510.080716921946,1755.040358460973,0.097,26.770411194123767
2,6,0.3333333333333333,1.0,0.3,22,1000,3501.1794073986607,1750.5897036993304,0.096,19.427999698736585
2,6,0.3333333333333333,1.0,0.3,23,1000,3448.5599311903443,1724.2799655951721,0.098,41.57847601246078
2,6,0.3333333333333333,1.0,0.3,24,1000,3574.59767913429,1787.298839567145,0.084,7.669353636777828
2,6,0.3333333333333333,1.0,0.3,25,1000,3556.490563189088,1778.245281594544,0.093,35.392840241593035
2,6,0.3333333333333333,1.0,0.3,26,1000,3587.011565653823,1793.5057828269114,0.088,2.073609299435475
2,6,0.3333333333333333,1.0,0.3,27,1000,3421.9645856207594,1710.9822928103797,0.085,71.74767209415086
2,6,0.3333333333333333,1.0,0.3,28,1000,3489.307291634902,1744.653645817451,0.098,26.277549527950896
2,6,0.3333333333333333,1.0,0.3,29,1000,3623.4214773908457,1811.7107386954228,0.081,31.985385260701378
2,6,0.3333333333333333,1.0,0.3,30,1000,3560.5257076266867,1780.2628538133433,0.099,18.47023018052346
2,6,0.3333333333333333,1.0,0.3,31,1000,3530.2988286656846,1765.1494143328423,0.081,1.4120312910317807
2,6,0.3333333333333333,1.0,0.3,32,1000,3582.630087210646,1791.315043605323,0.071,8.907714784810764
2,6,0.3333333333333333,1.0,0.3,33,1000,3527.2949835528952,1763.6474917764476,0.08,14.423421702122482
2,6,0.3333333333333333,1.0,0.3,34,1000,3500.694745810696,1750.347372905348,0.088,12.152483294317449
2,6,0.3333333333333333,1.0,0.3,35,1000,3494.6718661304153,1747.3359330652077,0.108,33.449009593837445
2,6,0.3333333333333333,1.0,0.3,36,1000,3534.321464069067,1767.1607320345336,0.097,18.998280839486142
2,6,0.3333333333333333,1.0,0.3,37,1000,3526.4705895819043,1763.2352947909521,0.096,15.576993133086376
2,6,0.3333333333333333,1.0,0.3,38,1000,3504.7082623553024,1752.3541311776512,0.094,18.23732592810086
2,6,0.3333333333333333,1.0,0.3,39,1000,3509.4347264776725,1754.7173632388362,0.083,28.800723977241773
2,6,0.3333333333333333,1.0,0.3,40,1000,3478.7391448440676,1739.3695724220338,0.076,27.375348728646827
2,6,0.3333333333333333,1.0,0.3,41,1000,3549.3971657314287,1774.6985828657143,0.095,4.654982987781523
2,6,0.3333333333333333,1.0,0.3,42,1000,3545.378262552766,1772.689131276383,0.076,7.356806018460702
2,6,0.3333333333333333,1.0,0.3,43,1000,3472.0278747171533,1736.0139373585766,0.084,16.441147173963714
2,6,0.3333333333333333,1.0,0.3,44,1000,3505.324326752409,1752.6621633762045,0.096,13.979148612106883
2,6,0.3333333333333333,1.0,0.3,45,1000,3477.8591357623454,1738.9295678811727,0.105,12.150777288557492
2,6,0.3333333333333333,1.0,0.3,46,1000,3591.7199358698253,1795.8599679349127,0.082,32.65020372318213
2,6,0.3333333333333333,1.0,0.3,47,1000,3517.679847614993,1758.8399238074965,0.083,30.285873955502666
2,6,0.3333333333333333,1.0,0.3,48,1000,3450.504871542603,1725.2524357713014,0.085,28.37196247814927
2,6,0.3333333333333333,1.0,0.3,49,1000,3466.5078676169114,1733.2539338084557,0.086,0.026164108900388783
3,9,0.3333333333333333,1.0,0.0,0,1000,925.5849127336847,308.5283042445616,1.0,0.0
3,9,0.3333333333333333,1.0,0.0,1,1000,1018.7945128426481,339.59817094754936,1.0,0.0
3,9,0.3333333333333333,1.0,0.0,2,1000,993.4099532156185,331.13665107187285,1.0,0.0
3,9,0.3333333333333333,1.0,0.0,3,1000,1505.2654421708498,501.7551473902833,1.0,0.0
3,9,0.3333333333333333,1.0,0.0,4,1000,1010.6742875335418,336.8914291778473,1.0,0.0
3,9,0.3333333333333333,1.0,0.0,5,1000,994.4275116652434,331.4758372217478,1.0,0.0
3,9,0.3333333333333333,1.0,0.0,6,1000,1016.2592374455586,338.75307914851953,1.0,0.0
3,9,0.3333333333333333,1.0,0.0,7,1000,1032.9092860310159,344.30309534367194,1.0,0.0
3,9,0.3333333333333333,1.0,0.0,8,1000,980.6546731880001,326.88489106266667,1.0,0.0
3,9,0.3333333333333333,1.0,0.0,9,1000,997.4281917715545,332.4760639238515,1.0,0.0
3,9,0.3333333333333333,1.0,0.0,10,1000,966.8578082120905,322.28593607069683,1.0,0.0
3,9,0.3333333333333333,1.0,0.0,11,1000,1509.7442244750637,503.2480748250212,1.0,0.0
3,9,0.3333333333333333,1.0,0.0,12,1000,1033.8688184099979,344.62293946999927,1.0,0.0
3,9,0.3333333333333333,1.0,0.0,13,1000,1021.7599337818184,340.58664459393947,1.0,0.0
3,9,0.3333333333333333,1.0,0.0,14,1000,1033.68117260649,344.56039086883,1.0,0.0
3,9,0.3333333333333333,1.0,0.0,15,1000,1011.7661613127375,337.2553871042458,1.0,0.0
3,9,0.3333333333333333,1.0,0.0,16,1000,998.33497937628,332.77832645876,1.0,0.0
3,9,0.3333333333333333,1.0,0.0,17,1000,1016.7768933914626,338.92563113048755,1.0,0.0
3,9,0.3333333333333333,1.0,0.0,18,1000,968.9003758080717,322.96679193602387,1.0,0.0
3,9,0.3333333333333333,1.0,0.0,19,1000,1003.1839309718848,334.3946436572949,1.0,0.0
3,9,0.3333333333333333,1.0,0.0,20,1000,999.5581416481263,333.1860472160421,1.0,0.0
3,9,0.3333333333333333,1.0,0.0,21,1000,979.4068291067723,326.46894303559077,1.0,0.0
3,9,0.3333333333333333,1.0,0.0,22,1000,1000.6373238267953,333.54577460893177,1.0,0.0
3,9,0.3333333333333333,1.0,0.0,23,1000,1032.5398546220624,344.17995154068745,1.0,0.0
3,9,0.3333333333333333,1.0,0.0,24,1000,957.4866235255722,319.1622078418574,1.0,0.0
3,9,0.3333333333333333,1.0,0.0,25,1000,1050.5681605945247,350.18938686484154,1.0,0.0
3,9,0.3333333333333333,1.0,0.0,26,1000,1033.376285183486,344.4587617278287,1.0,0.0
3,9,0.3333333333333333,1.0,0.0,27,1000,996.4918917513623,332.1639639171208,1.0,0.0
3,9,0.3333333333333333,1.0,0.0,28,1000,999.2347278688068,333.0782426229356,1.0,0.0
3,9,0.3333333333333333,1.0,0.0,29,1000,1009.6615247778227,336.55384159260757,1.0,0.0
3,9,0.3333333333333333,1.0,0.0,30,1000,1036.7484579064983,345.5828193021661,1.0,0.0
3,9,0.3333333333333333,1.0,0.0,31,1000,983.5535340351053,327.85117801170173,1.0,0.0
3,9,0.3333333333333333,1.0,0.0,32,1000,983.2005477575831,327.73351591919436,1.0,0.0
3,9,0.3333333333333333,1.0,0.0,33,1000,952.2528461761892,317.41761539206306,1.0,0.0
3,9,0.3333333333333333,1.0,0.0,34,1000,1032.7089988071968,344.23633293573226,1.0,0.0
3,9,0.3333333333333333,1.0,0.0,35,1000,1072.592589083297,357.5308630277657,1.0,0.0
3,9,0.3333333333333333,1.0,0.0,36,1000,1006.4783330185426,335.4927776728475,1.0,0.0
3,9,0.3333333333333333,1.0,0.0,37,1000,1021.4123373503205,340.4707791167735,1.0,0.0
3,9,0.3333333333333333,1.0,0.0,38,1000,980.6216919351002,326.8738973117001,1.0,0.0
3,9,0.3333333333333333,1.0,0.0,39,1000,1489.0492670616404,496.3497556872135,1.0,0.0
3,9,0.3333333333333333,1.0,0.0,40,1000,1035.1192328587467,345.0397442862489,1.0,0.0
3,9,0.3333333333333333,1.0,0.0,41,1000,1025.5791937604658,341.85973125348863,1.0,0.0
3,9,0.3333333333333333,1.0,0.0,42,1000,1000.808317535126,333.6027725117087,1.0,0.0
3,9,0.3333333333333333,1.0,0.0,43,1000,1453.78099040308,484.5936634676934,1.0,0.0
3,9,0.3333333333333333,1.0,0.0,44,1000,1037.9648984975843,345.98829949919474,1.0,0.0
3,9,0.3333333333333333,1.0,0.0,45,1000,1010.9085567344687,336.96951891148956,1.0,0.0
3,9,0.3333333333333333,1.0,0.0,46,1000,1010.8697143073205,336.95657143577347,1.0,0.0
3,9,0.3333333333333333,1.0,0.0,47,1000,1041.052242789443,347.01741426314766,1.0,0.0
3,9,0.3333333333333333,1.0,0.0,48,1000,981.4898135420003,327.16327118066675,1.0,0.0
3,9,0.3333333333333333,1.0,0.0,49,1000,1523.3733309079928,507.79111030266426,1.0,0.0
3,9,0.3333333333333333,1.0,0.01,0,1000,5589.426310149158,1863.1421033830527,0.129,108.99805012946202
3,9,0.3333333333333333,1.0,0.01,1,1000,4817.148665618948,1605.7162218729827,0.161,175.25279832079644
3,9,0.3333333333333333,1.0,0.01,2,1000,4812.909363835568,1604.3031212785227,0.129,185.6254366514774
3,9,0.3333333333333333,1.0,0.01,3,1000,5096.863447438844,1698.9544824796146,0.06,196.2158106833014
3,9,0.3333333333333333,1.0,0.01,4,1000,5156.946941572478,1718.9823138574927,0.085,185.5735877263608
3,9,0.3333333333333333,1.0,0.01,5,1000,4865.989094402699,1621.9963648008998,0.067,395.14838788261096
3,9,0.3333333333333333,1.0,0.01,6,1000,5224.103006920801,1741.3676689736003,0.076,218.46641225834907
3,9,0.3333333333333333,1.0,0.01,7,1000,4976.471330334982,1658.8237767783273,0.066,196.83241178947569
3,9,0.3333333333333333,1.0,0.01,8,1000,4817.160070307264,1605.7200234357545,0.092,243.07091713919755
3,9,0.3333333333333333,1.0,0.01,9,1000,4934.562994739109,1644.854331579703,0.06,143.77934682659205
3,9,0.3333333333333333,1.0,0.01,10,1000,4605.04569048299,1535.0152301609967,0.558,177.14113442570178
3,9,0.3333333333333333,1.0,0.01,11,1000,5151.12917841811,1717.0430594727034,0.024,179.05953442503508
3,9,0.3333333333333333,1.0,0.01,12,1000,4512.714469102978,1504.2381563676593,0.122,404.1406627776437
3,9,0.3333333333333333,1.0,0.01,13,1000,4343.948978471292,1447.982992823764,0.038,393.08631230974305
3,9,0.3333333333333333,1.0,0.01,14,1000,4042.217211925746,1347.405737308582,0.154,40.33011596074782
3,9,0.3333333333333333,1.0,0.01,15,1000,5159.67634686498,1719.89211562166,0.054,186.666210072964
3,9,0.3333333333333333,1.0,0.01,16,1000,3958.9314638011,1319.6438212670334,0.338,281.90112542347543
3,9,0.3333333333333333,1.0,0.01,17,1000,4698.085338734243,1566.0284462447478,0.442,119.66267307092075
3,9,0.3333333333333333,1.0,0.01,18,1000,4701.923277549139,1567.3077591830463,0.123,277.5050160688065
3,9,0.3333333333333333,1.0,0.01,19,1000,4378.3149816390915,1459.4383272130306,0.247,29.009338025575975
3,9,0.3333333333333333,1.0,0.01,20,1000,5196.033094391938,1732.0110314639794,0.112,269.3565778095615
3,9,0.3333333333333333,1.0,0.01,21,1000,5468.656068163187,1822.8853560543957,0.017,255.1159823417676
3,9,0.3333333333333333,1.0,0.01,22,1000,3118.1729033519227,1039.3909677839742,0.445,384.23082748078565
3,9,0.3333333333333333,1.0,0.01,23,1000,4399.409415637356,1466.469805212452,0.228,288.5467518454342
3,9,0.3333333333333333,1.0,0.01,24,1000,5254.042129556365,1751.3473765187882,0.07,126.92751646077251
3,9,0.3333333333333333,1.0,0.01,25,1000,4843.004011235021,1614.3346704116736,0.13,133.3262788099943
3,9,0.3333333333333333,1.0,0.01,26,1000,5289.757107864188,1763.2523692880625,0.214,158.9587441275746
3,9,0.3333333333333333,1.0,0.01,27,1000,5012.5835445433495,1670.8611815144498,0.105,106.20395091826477
3,9,0.3333333333333333,1.0,0.01,28,1000,4529.6641446954645,1509.8880482318216,0.194,176.71358289485408
3,9,0.3333333333333333,1.0,0.01,29,1000,5287.9648364367,1762.6549454789001,0.025,311.9348307957011
3,9,0.3333333333333333,1.0,0.01,30,1000,4653.6337599156395,1551.2112533052132,0.054,265.57094613623894
3,9,0.3333333333333333,1.0,0.01,31,1000,4807.697751334149,1602.565917111383,0.139,233.79194682399321
3,9,0.3333333333333333,1.0,0.01,32,1000,5118.592961560204,1706.197653853401,0.035,367.8060999324161
3,9,0.3333333333333333,1.0,0.01,33,1000,4974.031694809679,1658.0105649365596,0.134,313.9028227664932
3,9,0.3333333333333333,1.0,0.01,34,1000,5119.726217891306,1706.5754059637686,0.226,122.03673182661535
3,9,0.3333333333333333,1.0,0.01,35,1000,5189.83632209936,1729.9454406997866,0.251,106.84219350281792
3,9,0.3333333333333333,1.0,0.01,36,1000,4682.910001051778,1560.9700003505925,0.082,322.09350555659586
3,9,0.3333333333333333,1.0,0.01,37,1000,5008.537469466952,1669.5124898223173,0.043,334.55603140055797
3,9,0.3333333333333333,1.0,0.01,38,1000,4140.635927012709,1380.2119756709028,0.204,284.4577085141084
3,9,0.3333333333333333,1.0,0.01,39,1000,5323.164211811405,1774.3880706038017,0.05,201.95869695566566
3,9,0.3333333333333333,1.0,0.01,40,1000,4156.231738131259,1385.4105793770862,0.63,185.51988086211617
3,9,0.3333333333333333,1.0,0.01,41,1000,4664.796980690037,1554.9323268966791,0.095,218.4911764967903
3,9,0.3333333333333333,1.0,0.01,42,1000,5042.397574701345,1680.7991915671148,0.092,210.4257756501182
3,9,0.3333333333333333,1.0,0.01,43,1000,4974.958978167481,1658.3196593891605,0.193,240.86809484716676
3,9,0.3333333333333333,1.0,0.01,44,1000,5427.350878705999,1809.1169595686663,0.155,126.53521546229408
3,9,0.3333333333333333,1.0,0.01,45,1000,4877.706663242934,1625.902221080978,0.135,181.27634047905926
3,9,0.3333333333333333,1.0,0.01,46,1000,3640.7663021039916,1213.5887673679972,0.181,162.79208223817318
3,9,0.3333333333333333,1.0,0.01,47,1000,4498.869924899652,1499.623308299884,0.113,417.1546485376086
3,9,0.3333333333333333,1.0,0.01,48,1000,4462.523414350805,1487.5078047836016,0.206,317.742743612683
3,9,0.3333333333333333,1.0,0.01,49,1000,4132.102680662769,1377.367560220923,0.398,334.64024120478115
3,9,0.3333333333333333,1.0,0.05,0,1000,5719.401102689264,1906.4670342297547,0.048,15.929314018663401
3,9,0.3333333333333333,1.0,0.05,1,1000,5719.026835669625,1906.3422785565417,0.052,44.42747828439498
3,9,0.3333333333333333,1.0,0.05,2,1000,5509.2103478782565,1836.4034492927522,0.041,90.39352007629921
3,9,0.3333333333333333,1.0,0.05,3,1000,5790.426961771804,1930.1423205906012,0.06,13.103914647225288
3,9,0.3333333333333333,1.0,0.05,4,1000,5719.737209446508,1906.5790698155026,0.053,35.86629183954789
3,9,0.3333333333333333,1.0,0.05,5,1000,5263.018982845917,1754.339660948639,0.057,128.21701807864363
3,9,0.3333333333333333,1.0,0.05,6,1000,5496.488580266889,1832.1628600889628,0.11,118.08379196027329
3,9,0.3333333333333333,1.0,0.05,7,1000,5681.843458470353,1893.9478194901176,0.03,70.3781306601679
3,9,0.3333333333333333,1.0,0.05,8,1000,5304.942250772181,1768.314083590727,0.135,128.4956872362849
3,9,0.3333333333333333,1.0,0.05,9,1000,5673.1248100422545,1891.0416033474182,0.055,51.00593196399355
3,9,0.3333333333333333,1.0,0.05,10,1000,5691.596985349122,1897.1989951163741,0.062,46.91693780687842
3,9,0.3333333333333333,1.0,0.05,11,1000,5687.446814369435,1895.8156047898117,0.054,93.7871374618809
3,9,0.3333333333333333,1.0,0.05,12,1000,5217.396979752583,1739.1323265841945,0.081,239.7728421952703
3,9,0.3333333333333333,1.0,0.05,13,1000,5741.691214742477,1913.8970715808257,0.046,53.37172806526276
3,9,0.3333333333333333,1.0,0.05,14,1000,5508.083386463627,1836.0277954878757,0.089,77.16509760078308
3,9,0.3333333333333333,1.0,0.05,15,1000,5408.72156554655,1802.9071885155165,0.049,193.37993215068204
3,9,0.3333333333333333,1.0,0.05,16,1000,5631.002759656398,1877.000919885466,0.065,62.29826862950318
3,9,0.3333333333333333,1.0,0.05,17,1000,5448.828203303182,1816.2760677677272,0.04,147.04797746125294
3,9,0.3333333333333333,1.0,0.05,18,1000,5065.464981948116,1688.4883273160385,0.131,179.6299981378479
3,9,0.3333333333333333,1.0,0.05,19,1000,5700.862494225449,1900.2874980751496,0.044,59.98287895031529
3,9,0.3333333333333333,1.0,0.05,20,1000,5663.036083607321,1887.6786945357737,0.061,93.41058707066918
3,9,0.3333333333333333,1.0,0.05,21,1000,5827.039162304238,1942.346387434746,0.044,47.21459607482981
3,9,0.3333333333333333,1.0,0.05,22,1000,5445.81832263744,1815.27277421248,0.042,157.51253678773477
3,9,0.3333333333333333,1.0,0.05,23,1000,5449.140231009807,1816.3800770032692,0.069,56.600940786683225
3,9,0.3333333333333333,1.0,0.05,24,1000,5141.806631621688,1713.935543873896,0.084,247.4419996336778
3,9,0.3333333333333333,1.0,0.05,25,1000,5514.122655176456,1838.0408850588185,0.033,119.65009186729417
3,9,0.3333333333333333,1.0,0.05,26,1000,5485.006104591368,1828.3353681971228,0.036,91.4981379498036
3,9,0.3333333333333333,1.0,0.05,27,1000,5109.955867377188,1703.3186224590627,0.063,192.03496615699538
3,9,0.3333333333333333,1.0,0.05,28,1000,5408.745753582274,1802.9152511940913,0.057,145.84510200240638
3,9,0.3333333333333333,1.0,0.05,29,1000,5295.05141523581,1765.0171384119367,0.039,248.50063930356848
3,9,0.3333333333333333,1.0,0.05,30,1000,5265.339738491968,1755.1132461639893,0.028,242.4460957451654
3,9,0.3333333333333333,1.0,0.05,31,1000,5435.4908593489345,1811.8302864496447,0.068,6.576256670129718
3,9,0.3333333333333333,1.0,0.05,32,1000,5744.745132177511,1914.9150440591702,0.059,18.656518826862904
3,9,0.3333333333333333,1.0,0.05,33,1000,5325.921799114842,1775.3072663716139,0.055,216.7171347818439
3,9,0.3333333333333333,1.0,0.05,34,1000,5107.875526731718,1702.6251755772394,0.065,164.93195544460357
3,9,0.3333333333333333,1.0,0.05,35,1000,5706.769822178082,1902.256607392694,0.072,71.06148443707686
3,9,0.3333333333333333,1.0,0.05,36,1000,5395.718660412501,1798.572886804167,0.209,53.329427568110496
3,9,0.3333333333333333,1.0,0.05,37,1000,5735.8124002844315,1911.9374667614773,0.037,59.410654900482314
3,9,0.3333333333333333,1.0,0.05,38,1000,5700.073232825669,1900.0244109418898,0.044,47.319323410839125
3,9,0.3333333333333333,1.0,0.05,39,1000,5514.328772158943,1838.1095907196477,0.075,72.09362325014308
3,9,0.3333333333333333,1.0,0.05,40,1000,5635.598862451396,1878.5329541504652,0.072,37.39909937214012
3,9,0.3333333333333333,1.0,0.05,41,1000,5378.958189100622,1792.9860630335406,0.048,164.1274327305629
3,9,0.3333333333333333,1.0,0.05,42,1000,5192.903241052144,1730.9677470173813,0.038,186.98262120564203
3,9,0.3333333333333333,1.0,0.05,43,1000,5737.512701297873,1912.5042337659577,0.042,38.87476900940758
3,9,0.3333333333333333,1.0,0.05,44,1000,5467.206211796257,1822.4020705987523,0.08,92.26069647487624
3,9,0.3333333333333333,1.0,0.05,45,1000,5673.206563853833,1891.0688546179445,0.04,23.22000515161622
3,9,0.3333333333333333,1.0,0.05,46,1000,5229.019762578485,1743.0065875261616,0.138,219.90353190479357
3,9,0.3333333333333333,1.0,0.05,47,1000,5492.100815698928,1830.7002718996428,0.06,49.45623927613251
3,9,0.3333333333333333,1.0,0.05,48,1000,5343.035519950561,1781.0118399835203,0.107,46.136879477348636
3,9,0.3333333333333333,1.0,0.05,49,1000,5520.82024722355,1840.2734157411833,0.064,87.18724252409953
3,9,0.3333333333333333,1.0,0.1,0,1000,5678.242958954697,1892.747652984899,0.071,6.889604255134121
3,9,0.3333333333333333,1.0,0.1,1,1000,5519.706710918077,1839.9022369726924,0.074,59.122954723211066
3,9,0.3333333333333333,1.0,0.1,2,1000,5530.909512478778,1843.6365041595927,0.092,54.30925135446748
3,9,0.3333333333333333,1.0,0.1,3,1000,5255.25628744848,1751.7520958161601,0.068,175.1723149434236
3,9,0.3333333333333333,1.0,0.1,4,1000,5526.501056375973,1842.167018791991,0.091,53.30215362234144
3,9,0.3333333333333333,1.0,0.1,5,1000,5206.045461030343,1735.3484870101145,0.075,193.81419829978384
3,9,0.3333333333333333,1.0,0.1,6,1000,5566.431890241087,1855.477296747029,0.114,16.925170266585283
3,9,0.3333333333333333,1.0,0.1,7,1000,5591.097756908195,1863.6992523027318,0.074,24.928382981777517
3,9,0.3333333333333333,1.0,0.1,8,1000,5349.421884931707,1783.140628310569,0.072,160.203132583873
3,9,0.3333333333333333,1.0,0.1,9,1000,5440.469163444047,1813.4897211480156,0.072,127.08232739919224
3,9,0.3333333333333333,1.0,0.1,10,1000,5664.708823853018,1888.2362746176725,0.068,30.789946941211685
3,9,0.3333333333333333,1.0,0.1,11,1000,5584.402632692867,1861.4675442309556,0.08,33.74561770734995
3,9,0.3333333333333333,1.0,0.1,12,1000,5011.688433138162,1670.5628110460539,0.071,213.7212779483059
3,9,0.3333333333333333,1.0,0.1,13,1000,5429.473244486949,1809.824414828983,0.07,57.67599169316886
3,9,0.3333333333333333,1.0,0.1,14,1000,5621.682481332427,1873.8941604441425,0.083,24.9031932852468
3,9,0.3333333333333333,1.0,0.1,15,1000,5337.663265687204,1779.2210885624015,0.086,125.9779867340834
3,9,0.3333333333333333,1.0,0.1,16,1000,5701.407164780201,1900.4690549267336,0.051,43.44579710986745
3,9,0.3333333333333333,1.0,0.1,17,1000,5511.610659082356,1837.2035530274518,0.069,48.30353636914112
3,9,0.3333333333333333,1.0,0.1,18,1000,5478.674172842575,1826.2247242808583,0.103,45.02321042303155
3,9,0.3333333333333333,1.0,0.1,19,1000,5546.618119828494,1848.872706609498,0.057,52.918075735631525
3,9,0.3333333333333333,1.0,0.1,20,1000,5287.998507534655,1762.6661691782183,0.077,222.58184142496583
3,9,0.3333333333333333,1.0,0.1,21,1000,5592.269290450276,1864.0897634834253,0.067,59.919769825110436
3,9,0.3333333333333333,1.0,0.1,22,1000,5471.637301026525,1823.879100342175,0.081,43.88176481125711
3,9,0.3333333333333333,1.0,0.1,23,1000,5559.333237128059,1853.1110790426865,0.078,32.73731661621477
3,9,0.3333333333333333,1.0,0.1,24,1000,5501.43653482537,1833.8121782751232,0.06,129.13573108646796
3,9,0.3333333333333333,1.0,0.1,25,1000,5643.566504285923,1881.1888347619742,0.116,27.977945495403564
3,9,0.3333333333333333,1.0,0.1,26,1000,5585.37760797643,1861.7925359921435,0.073,15.265926242910394
3,9,0.3333333333333333,1.0,0.1,27,1000,5568.773073810809,1856.2576912702698,0.077,64.32300779654979
3,9,0.3333333333333333,1.0,0.1,28,1000,5419.363709614854,1806.454569871618,0.1,38.55495320725216
3,9,0.3333333333333333,1.0,0.1,29,1000,5406.846135894548,1802.2820452981825,0.079,116.8625442153106
3,9,0.3333333333333333,1.0,0.1,30,1000,5683.499468958246,1894.499822986082,0.071,6.1510317648528625
3,9,0.3333333333333333,1.0,0.1,31,1000,5190.40275884364,1730.13425294788,0.059,251.06561369691838
3,9,0.3333333333333333,1.0,0.1,32,1000,5679.082687478138,1893.0275624927126,0.09,31.540483389163736
3,9,0.3333333333333333,1.0,0.1,33,1000,5596.513452676246,1865.5044842254154,0.086,38.26068168401466
3,9,0.3333333333333333,1.0,0.1,34,1000,5636.805759121083,1878.935253040361,0.114,57.05274722794623
3,9,0.3333333333333333,1.0,0.1,35,1000,5478.085219552368,1826.0284065174558,0.151,57.436267130889384
3,9,0.3333333333333333,1.0,0.1,36,1000,5530.339385244153,1843.446461748051,0.065,79.45118348867308
3,9,0.3333333333333333,1.0,0.1,37,1000,5582.401948542521,1860.8006495141735,0.06,125.80134752405864
3,9,0.3333333333333333,1.0,0.1,38,1000,5195.180135624807,1731.7267118749357,0.075,144.99037132711035
3,9,0.3333333333333333,1.0,0.1,39,1000,5442.2902156356295,1814.0967385452097,0.159,87.321984093429
3,9,0.3333333333333333,1.0,0.1,40,1000,5580.359749491212,1860.1199164970706,0.079,56.828337548885884
3,9,0.3333333333333333,1.0,0.1,41,1000,5675.280020725851,1891.7600069086168,0.083,23.506413252081668
3,9,0.3333333333333333,1.0,0.1,42,1000,5572.621587630383,1857.5405292101277,0.058,31.30271233163096
3,9,0.3333333333333333,1.0,0.1,43,1000,5587.182830687054,1862.3942768956847,0.081,3.7988534358809214
3,9,0.3333333333333333,1.0,0.1,44,1000,5336.445046067006,1778.8150153556687,0.084,80.05377482856191
3,9,0.3333333333333333,1.0,0.1,45,1000,5627.429603867406,1875.8098679558018,0.068,15.308483924931405
3,9,0.3333333333333333,1.0,0.1,46,1000,5529.557153216789,1843.1857177389295,0.071,29.327222032866803
3,9,0.3333333333333333,1.0,0.1,47,1000,5607.940759640634,1869.3135865468778,0.072,17.820948534167236
3,9,0.3333333333333333,1.0,0.1,48,1000,5545.312935677719,1848.4376452259064,0.066,19.30700921040262
3,9,0.3333333333333333,1.0,0.1,49,1000,5459.391777980933,1819.7972593269776,0.074,92.28849531325936
3,9,0.3333333333333333,1.0,0.2,0,1000,5323.85525176687,1774.6184172556234,0.137,25.741786618595384
3,9,0.3333333333333333,1.0,0.2,1,1000,5373.979210160464,1791.3264033868215,0.119,18.77809589586131
3,9,0.3333333333333333,1.0,0.2,2,1000,5414.532419718592,1804.8441399061974,0.127,12.078791943595878
3,9,0.3333333333333333,1.0,0.2,3,1000,5401.112983623533,1800.3709945411777,0.133,21.99668526900305
3,9,0.3333333333333333,1.0,0.2,4,1000,5319.4111716446805,1773.1370572148935,0.148,33.02124310029927
3,9,0.3333333333333333,1.0,0.2,5,1000,5132.151719216443,1710.7172397388142,0.131,181.34653106040182
3,9,0.3333333333333333,1.0,0.2,6,1000,5377.801445877304,1792.6004819591014,0.12,28.685316624216778
3,9,0.3333333333333333,1.0,0.2,7,1000,5345.750873151551,1781.9169577171835,0.151,16.939563908739864
3,9,0.3333333333333333,1.0,0.2,8,1000,5303.536005414162,1767.845335138054,0.124,22.504174884217992
3,9,0.3333333333333333,1.0,0.2,9,1000,5350.260760110867,1783.420253370289,0.138,56.9847429027712
3,9,0.3333333333333333,1.0,0.2,10,1000,5392.157465862228,1797.385821954076,0.118,23.66721432040515
3,9,0.3333333333333333,1.0,0.2,11,1000,5242.074708904953,1747.358236301651,0.15,90.52935749267857
3,9,0.3333333333333333,1.0,0.2,12,1000,5420.019184271292,1806.673061423764,0.156,25.47848728272501
3,9,0.3333333333333333,1.0,0.2,13,1000,5486.027277499557,1828.6757591665191,0.112,11.024735800934026
3,9,0.3333333333333333,1.0,0.2,14,1000,5177.29371955185,1725.76457318395,0.143,44.47879511464902
3,9,0.3333333333333333,1.0,0.2,15,1000,5199.509388428995,1733.1697961429984,0.136,94.16795795596042
3,9,0.3333333333333333,1.0,0.2,16,1000,5453.566731394436,1817.8555771314786,0.103,38.01271756764301
3,9,0.3333333333333333,1.0,0.2,17,1000,5186.995595794315,1728.9985319314383,0.15,64.24669691486781
3,9,0.3333333333333333,1.0,0.2,18,1000,5440.643136354298,1813.5477121180993,0.122,25.09594716678981
3,9,0.3333333333333333,1.0,0.2,19,1000,5304.284803385681,1768.0949344618937,0.122,71.74851973933829
3,9,0.3333333333333333,1.0,0.2,20,1000,5414.4113954660415,1804.8037984886805,0.129,38.59184823326302
3,9,0.3333333333333333,1.0,0.2,21,1000,5233.189877170958,1744.3966257236527,0.197,56.58372475340152
3,9,0.3333333333333333,1.0,0.2,22,1000,5399.65833278964,1799.8861109298798,0.117,4.790242047447756
3,9,0.3333333333333333,1.0,0.2,23,1000,5406.711415945173,1802.237138648391,0.149,12.092421773657069
3,9,0.3333333333333333,1.0,0.2,24,1000,5307.954163658627,1769.3180545528758,0.118,82.9394749662266
3,9,0.3333333333333333,1.0,0.2,25,1000,5410.86607079714,1803.6220235990468,0.115,5.763321911686711
3,9,0.3333333333333333,1.0,0.2,26,1000,5397.066692616133,1799.0222308720442,0.131,16.674278946185648
3,9,0.3333333333333333,1.0,0.2,27,1000,5262.145168642069,1754.0483895473562,0.129,14.257081427453437
3,9,0.3333333333333333,1.0,0.2,28,1000,5294.426116099891,1764.8087053666304,0.121,34.096287051900624
3,9,0.3333333333333333,1.0,0.2,29,1000,5369.744648967645,1789.914882989215,0.122,30.700703882696306
3,9,0.3333333333333333,1.0,0.2,30,1000,5452.71756321071,1817.5725210702367,0.109,22.913934828232282
3,9,0.3333333333333333,1.0,0.2,31,1000,5144.212647231496,1714.7375490771653,0.12,144.2581584541787
3,9,0.3333333333333333,1.0,0.2,32,1000,5499.284803806394,1833.0949346021314,0.113,48.286333286565295
3,9,0.3333333333333333,1.0,0.2,33,1000,5134.107201136034,1711.3690670453445,0.175,82.54130409189383
3,9,0.3333333333333333,1.0,0.2,34,1000,5456.076404869123,1818.6921349563743,0.108,31.89593584016701
3,9,0.3333333333333333,1.0,0.2,35,1000,5432.316396859829,1810.7721322866098,0.13,17.5271137169032
3,9,0.3333333333333333,1.0,0.2,36,1000,5325.995834122803,1775.331944707601,0.164,59.64573791660264
3,9,0.3333333333333333,1.0,0.2,37,1000,5453.174994490842,1817.7249981636141,0.118,13.847694915575655
3,9,0.3333333333333333,1.0,0.2,38,1000,5489.787580161548,1829.9291933871827,0.125,13.96388342390802
3,9,0.3333333333333333,1.0,0.2,39,1000,5444.752177497314,1814.9173924991046,0.115,21.312497043593893
3,9,0.3333333333333333,1.0,0.2,40,1000,5289.0429837229785,1763.0143279076594,0.112,39.81885162072225
3,9,0.3333333333333333,1.0,0.2,41,1000,5335.864547829121,1778.6215159430403,0.14,32.29460626539292
3,9,0.3333333333333333,1.0,0.2,42,1000,5197.820319413703,1732.606773137901,0.116,95.4500834800565
3,9,0.3333333333333333,1.0,0.2,43,1000,5397.610790122565,1799.2035967075217,0.11,66.69243276002294
3,9,0.3333333333333333,1.0,0.2,44,1000,5343.7805162739405,1781.2601720913135,0.112,14.54493889686721
3,9,0.3333333333333333,1.0,0.2,45,1000,5152.389973139154,1717.463324379718,0.133,142.3744057683255
3,9,0.3333333333333333,1.0,0.2,46,1000,5405.545557339795,1801.848519113265,0.119,29.994848402977944
3,9,0.3333333333333333,1.0,0.2,47,1000,5254.919981913134,1751.6399939710445,0.123,94.61665519242773
3,9,0.3333333333333333,1.0,0.2,48,1000,5156.648829310921,1718.8829431036404,0.13,137.54410100636628
3,9,0.3333333333333333,1.0,0.2,49,1000,5168.480991653548,1722.8269972178493,0.134,106.76647367246403
3,9,0.3333333333333333,1.0,0.3,0,1000,5038.108956756652,1679.3696522522175,0.171,55.21828274710981
3,9,0.3333333333333333,1.0,0.3,1,1000,5176.871323154776,1725.6237743849254,0.153,23.23373271540968
3,9,0.3333333333333333,1.0,0.3,2,1000,5048.332566675936,1682.777522225312,0.177,57.887801735964466
3,9,0.3333333333333333,1.0,0.3,3,1000,5279.108849530332,1759.702949843444,0.171,13.681558623801816
3,9,0.3333333333333333,1.0,0.3,4,1000,5167.3026439295845,1722.4342146431948,0.198,46.06416655135404
3,9,0.3333333333333333,1.0,0.3,5,1000,5114.593921663212,1704.864640554404,0.192,30.933556788540706
3,9,0.3333333333333333,1.0,0.3,6,1000,5255.39248459041,1751.79749486347,0.167,15.569594664962093
3,9,0.3333333333333333,1.0,0.3,7,1000,5200.468669579274,1733.4895565264248,0.18,15.21996480975399
3,9,0.3333333333333333,1.0,0.3,8,1000,5232.386682732318,1744.128894244106,0.152,6.879073104666547
3,9,0.3333333333333333,1.0,0.3,9,1000,5249.535832071484,1749.8452773571614,0.156,35.86877794487489
3,9,0.3333333333333333,1.0,0.3,10,1000,5160.372580698242,1720.1241935660807,0.186,60.28822898596021
3,9,0.3333333333333333,1.0,0.3,11,1000,5181.3576461742505,1727.119215391417,0.158,22.170610440731068
3,9,0.3333333333333333,1.0,0.3,12,1000,5166.184887640038,1722.0616292133461,0.189,12.33800030261967
3,9,0.3333333333333333,1.0,0.3,13,1000,5083.619344862895,1694.539781620965,0.189,17.024819279853375
3,9,0.3333333333333333,1.0,0.3,14,1000,5169.850643475135,1723.2835478250452,0.164,48.88245740802861
3,9,0.3333333333333333,1.0,0.3,15,1000,5101.951911743767,1700.6506372479223,0.197,5.081165504270519
3,9,0.3333333333333333,1.0,0.3,16,1000,5258.592937479098,1752.8643124930325,0.185,48.560723634884674
3,9,0.3333333333333333,1.0,0.3,17,1000,5124.985647288406,1708.3285490961352,0.185,23.930106519692732
3,9,0.3333333333333333,1.0,0.3,18,1000,5258.302203859989,1752.767401286663,0.17,18.704413012796557
3,9,0.3333333333333333,1.0,0.3,19,1000,5118.007626223472,1706.0025420744905,0.176,15.391005447762101
3,9,0.3333333333333333,1.0,0.3,20,1000,5221.760291199412,1740.5867637331373,0.159,22.236314931545895
3,9,0.3333333333333333,1.0,0.3,21,1000,5074.383808051944,1691.4612693506479,0.194,7.896167437637357
3,9,0.3333333333333333,1.0,0.3,22,1000,5165.133369207692,1721.7111230692308,0.169,24.21698874244153
3,9,0.3333333333333333,1.0,0.3,23,1000,5278.697572463396,1759.5658574877987,0.16,7.3088381916501675
3,9,0.3333333333333333,1.0,0.3,24,1000,5155.617392989702,1718.5391309965673,0.178,37.12884693187105
3,9,0.3333333333333333,1.0,0.3,25,1000,5278.634695889883,1759.544898629961,0.15,23.755284510184488
3,9,0.3333333333333333,1.0,0.3,26,1000,5088.062993055028,1696.0209976850092,0.205,17.94275917292087
3,9,0.3333333333333333,1.0,0.3,27,1000,5249.115982160833,1749.7053273869442,0.152,9.723224348300102
3,9,0.3333333333333333,1.0,0.3,28,1000,4982.696604847634,1660.8988682825448,0.186,52.74652642287984
3,9,0.3333333333333333,1.0,0.3,29,1000,4993.815033382366,1664.6050111274553,0.173,78.5591697687554
3,9,0.3333333333333333,1.0,0.3,30,1000,5238.597796084104,1746.199265361368,0.182,46.38414934415469
3,9,0.3333333333333333,1.0,0.3,31,1000,5094.073789223906,1698.0245964079686,0.173,24.48007098061832
3,9,0.3333333333333333,1.0,0.3,32,1000,5001.6616504582835,1667.2205501527612,0.176,155.49368237207668
3,9,0.3333333333333333,1.0,0.3,33,1000,5182.624473813603,1727.541491271201,0.19,32.75197115258468
3,9,0.3333333333333333,1.0,0.3,34,1000,5187.039861076519,1729.0132870255063,0.161,27.981376561317973
3,9,0.3333333333333333,1.0,0.3,35,1000,4820.919086212412,1606.9730287374707,0.189,143.06913999348907
3,9,0.3333333333333333,1.0,0.3,36,1000,5164.06555093379,1721.3551836445968,0.188,47.36612180659898
3,9,0.3333333333333333,1.0,0.3,37,1000,5207.065683158315,1735.6885610527715,0.168,8.247223580312465
3,9,0.3333333333333333,1.0,0.3,38,1000,5164.280118708199,1721.4267062360661,0.165,94.91361102153716
3,9,0.3333333333333333,1.0,0.3,39,1000,5144.824113897221,1714.9413712990736,0.178,29.27326627071307
3,9,0.3333333333333333,1.0,0.3,40,1000,5140.7223742332,1713.5741247444,0.149,20.750923051675393
3,9,0.3333333333333333,1.0,0.3,41,1000,5043.129256549923,1681.0430855166412,0.191,43.45343091935484
3,9,0.3333333333333333,1.0,0.3,42,1000,4984.81184357432,1661.6039478581067,0.193,49.97338968433692
3,9,0.3333333333333333,1.0,0.3,43,1000,5130.362238712551,1710.1207462375169,0.188,40.00250860669904
3,9,0.3333333333333333,1.0,0.3,44,1000,5170.200478098939,1723.4001593663131,0.153,6.423714132340221
3,9,0.3333333333333333,1.0,0.3,45,1000,5020.028662763473,1673.3428875878244,0.175,33.74183704683147
3,9,0.3333333333333333,1.0,0.3,46,1000,5112.968226404684,1704.3227421348947,0.167,1.6009052776778903
3,9,0.3333333333333333,1.0,0.3,47,1000,5199.804797187264,1733.268265729088,0.167,40.33078828732048
3,9,0.3333333333333333,1.0,0.3,48,1000,5155.157261874883,1718.3857539582943,0.181,57.837123451962626
3,9,0.3333333333333333,1.0,0.3,49,1000,5215.637570983476,1738.545856994492,0.153,29.83564776671955
