n_agents,n_arms,epsilon,seed,steps,group_total_reward,mean_agent_reward,collision_rate,reward_inequality
2,3,0.0,0,1000,997.0472955395148,498.5236477697574,1.0,0.0
2,3,0.0,1,1000,1026.4751576670694,513.2375788335347,1.0,0.0
2,3,0.0,2,1000,1000.8189707875202,500.4094853937601,1.0,0.0
2,3,0.0,3,1000,981.9576734180741,490.97883670903707,1.0,0.0
2,3,0.0,4,1000,1010.3296293819435,505.16481469097175,1.0,0.0
2,3,0.0,5,1000,981.8903909508585,490.9451954754293,1.0,0.0
2,3,0.0,6,1000,1037.3396739041302,518.6698369520651,1.0,0.0
2,3,0.0,7,1000,976.2308811583744,488.1154405791872,1.0,0.0
2,3,0.0,8,1000,981.0041418923001,490.50207094615007,1.0,0.0
2,3,0.0,9,1000,971.5425857736069,485.77129288680345,1.0,0.0
2,3,0.0,10,1000,945.7218559947626,472.8609279973813,1.0,0.0
2,3,0.0,11,1000,1031.8268337789436,515.9134168894718,1.0,0.0
2,3,0.0,12,1000,1008.3736356455173,504.18681782275866,1.0,0.0
2,3,0.0,13,1000,1945.4052771074378,972.7026385537189,1.0,0.0
2,3,0.0,14,1000,1949.6841790815554,974.8420895407777,1.0,0.0
2,3,0.0,15,1000,1007.7233127505508,503.8616563752754,1.0,0.0
2,3,0.0,16,1000,1022.35872825297,511.179364126485,1.0,0.0
2,3,0.0,17,1000,1035.2323848258234,517.6161924129117,1.0,0.0
2,3,0.0,18,1000,1030.1389597871619,515.0694798935809,1.0,0.0
2,3,0.0,19,1000,1989.9236668693527,994.9618334346764,1.0,0.0
2,3,0.0,20,1000,978.603859946034,489.301929973017,1.0,0.0
2,3,0.0,21,1000,965.9653624835622,482.9826812417811,1.0,0.0
2,3,0.0,22,1000,969.4487786631964,484.7243893315982,1.0,0.0
2,3,0.0,23,1000,1011.3305587081704,505.6652793540852,1.0,0.0
2,3,0.0,24,1000,975.415561081159,487.7077805405795,1.0,0.0
2,3,0.0,25,1000,1043.2718668963514,521.6359334481757,1.0,0.0
2,3,0.0,26,1000,965.4937886619003,482.74689433095017,1.0,0.0
2,3,0.0,27,1000,980.5143834710824,490.2571917355412,1.0,0.0
2,3,0.0,28,1000,1026.1834722223623,513.0917361111811,1.0,0.0
2,3,0.0,29,1000,1035.1171510489876,517.5585755244938,1.0,0.0
2,3,0.0,30,1000,1015.1463482186343,507.57317410931716,1.0,0.0
2,3,0.0,31,1000,1995.6594664071306,997.8297332035653,1.0,0.0
2,3,0.0,32,1000,979.1174218615919,489.55871093079594,1.0,0.0
2,3,0.0,33,1000,959.0246253503857,479.51231267519285,1.0,0.0
2,3,0.0,34,1000,997.1505984070981,498.57529920354904,1.0,0.0
2,3,0.0,35,1000,1972.420408379068,986.210204189534,1.0,0.0
2,3,0.0,36,1000,962.0026443013945,481.00132215069726,1.0,0.0
2,3,0.0,37,1000,2026.1007587741449,1013.0503793870724,1.0,0.0
2,3,0.0,38,1000,970.3819599711869,485.19097998559346,1.0,0.0
2,3,0.0,39,1000,1005.7760749309465,502.88803746547325,1.0,0.0
2,3,0.0,40,1000,992.4362582497561,496.21812912487803,1.0,0.0
2,3,0.0,41,1000,992.9632459687244,496.4816229843622,1.0,0.0
2,3,0.0,42,1000,983.6132082212221,491.80660411061103,1.0,0.0
2,3,0.0,43,1000,981.227506265937,490.6137531329685,1.0,0.0
2,3,0.0,44,1000,1022.9474503179317,511.47372515896586,1.0,0.0
2,3,0.0,45,1000,993.3792726810555,496.6896363405277,1.0,0.0
2,3,0.0,46,1000,1990.2694724766627,995.1347362383314,1.0,0.0
2,3,0.0,47,1000,1017.6953441799496,508.8476720899748,1.0,0.0
2,3,0.0,48,1000,977.9107531603781,488.95537658018907,1.0,0.0
2,3,0.0,49,1000,1012.3062507861945,506.15312539309724,1.0,0.0
2,3,0.01,0,1000,2803.177389700057,1401.5886948500286,0.35,200.1113708784294
2,3,0.01,1,1000,2975.102221580023,1487.5511107900115,0.012,496.21748021589565
2,3,0.01,2,1000,2985.7270370254364,1492.8635185127182,0.188,166.66214530870536
2,3,0.01,3,1000,2938.090280854808,1469.045140427404,0.066,8.427778698399948
2,3,0.01,4,1000,2656.2434434693105,1328.1217217346552,0.219,40.069700351729466
2,3,0.01,5,1000,2976.390006365696,1488.195003182848,0.02,457.90518594016567
2,3,0.01,6,1000,3386.4554414408185,1693.2277207204093,0.013,162.4340937489901
2,3,0.01,7,1000,3219.1099393800323,1609.5549696900162,0.04,332.82929108035535
2,3,0.01,8,1000,3303.0362652097715,1651.5181326048857,0.045,305.970771184074
2,3,0.01,9,1000,2706.4973591851176,1353.2486795925588,0.387,112.33449147649605
2,3,0.01,10,1000,3279.770750084027,1639.8853750420135,0.061,289.9114076745883
2,3,0.01,11,1000,1999.0943191510414,999.5471595755207,0.531,179.5448593583514
2,3,0.01,12,1000,2764.7243993511934,1382.3621996755967,0.437,29.073728495568275
2,3,0.01,13,1000,2925.908789308598,1462.954394654299,0.354,121.36018843551335
2,3,0.01,14,1000,2576.331728921441,1288.1658644607205,0.606,89.9339455050108
2,3,0.01,15,1000,3418.306689275527,1709.1533446377634,0.047,251.59960999260772
2,3,0.01,16,1000,3053.7589157746743,1526.8794578873371,0.031,61.178836550184315
2,3,0.01,17,1000,2881.5390723023575,1440.7695361511787,0.361,53.75716738277799
2,3,0.01,18,1000,2823.458478808532,1411.729239404266,0.202,96.89808279573822
2,3,0.01,19,1000,2613.689034554431,1306.8445172772156,0.614,88.89737310298847
2,3,0.01,20,1000,3400.2259845147364,1700.1129922573682,0.027,180.6040838461306
2,3,0.01,21,1000,3327.0820095307035,1663.5410047653518,0.009,404.7941272915492
2,3,0.01,22,1000,3087.923369111248,1543.961684555624,0.061,299.2462792081378
2,3,0.01,23,1000,3296.664822038473,1648.3324110192366,0.054,304.04112226206246
2,3,0.01,24,1000,2751.763491614256,1375.881745807128,0.274,153.1736093609553
2,3,0.01,25,1000,2581.1854406538096,1290.5927203269048,0.201,11.747259718182363
2,3,0.01,26,1000,2666.611624991292,1333.305812495646,0.208,359.8466680516952
2,3,0.01,27,1000,2688.6321043491293,1344.3160521745647,0.145,20.405092375708364
2,3,0.01,28,1000,2378.0364859297797,1189.0182429648899,0.224,250.62760765829137
2,3,0.01,29,1000,2531.543959398212,1265.771979699106,0.032,237.96973637886697
2,3,0.01,30,1000,2936.5921014668806,1468.2960507334403,0.036,457.6792221735139
2,3,0.01,31,1000,3254.3200826021384,1627.1600413010692,0.151,174.25819893059042
2,3,0.01,32,1000,3339.5648346040925,1669.7824173020463,0.037,198.68471477861283
2,3,0.01,33,1000,3280.762887053338,1640.381443526669,0.056,280.40222747744554
2,3,0.01,34,1000,2782.198092746399,1391.0990463731996,0.421,194.9967771034602
2,3,0.01,35,1000,3398.3379998950663,1699.1689999475332,0.037,204.43826211687156
2,3,0.01,36,1000,3466.3367816297127,1733.1683908148564,0.015,227.67934174600236
2,3,0.01,37,1000,2970.633372835987,1485.3166864179934,0.361,177.3725475760201
2,3,0.01,38,1000,2574.218633549954,1287.109316774977,0.073,334.43193109896833
2,3,0.01,39,1000,3566.5223497501265,1783.2611748750633,0.013,221.77329389992644
2,3,0.01,40,1000,3204.1731618750505,1602.0865809375252,0.061,137.35137781276944
2,3,0.01,41,1000,2833.152503848257,1416.5762519241284,0.155,92.32491401038692
2,3,0.01,42,1000,2472.8630892084648,1236.4315446042324,0.249,325.4740027616603
2,3,0.01,43,1000,3027.0819389365906,1513.5409694682953,0.14,151.78778764368633
2,3,0.01,44,1000,3316.376601648009,1658.1883008240045,0.038,300.7581833058439
2,3,0.01,45,1000,3184.7548861049972,1592.3774430524986,0.114,246.75802404968908
2,3,0.01,46,1000,3510.142488073975,1755.0712440369875,0.026,253.72888404059847
2,3,0.01,47,1000,2836.8360832176577,1418.4180416088288,0.086,485.17310435020767
2,3,0.01,48,1000,2743.69591140501,1371.847955702505,0.027,352.987746593503
2,3,0.01,49,1000,2867.0995696184027,1433.5497848092014,0.131,65.45639892910003
2,3,0.05,0,1000,3312.2521356634743,1656.1260678317371,0.067,189.34604946512934
2,3,0.05,1,1000,3365.804113188463,1682.9020565942315,0.042,256.2034339670739
2,3,0.05,2,1000,3333.7846180948263,1666.8923090474132,0.055,203.51158863022533
2,3,0.05,3,1000,3393.781840570242,1696.890920285121,0.028,236.19832352405888
2,3,0.05,4,1000,3365.405327603011,1682.7026638015054,0.066,234.7032853916536
2,3,0.05,5,1000,3416.3495715944223,1708.1747857972111,0.037,264.3292577582804
2,3,0.05,6,1000,3446.680914621777,1723.3404573108885,0.031,249.74694766689686
2,3,0.05,7,1000,3356.662891774313,1678.3314458871564,0.055,253.07411656770887
2,3,0.05,8,1000,3296.8828710266594,1648.4414355133297,0.039,238.415078744757
2,3,0.05,9,1000,3403.6105610253785,1701.8052805126893,0.03,227.88729337498535
2,3,0.05,10,1000,3154.7923500256666,1577.3961750128333,0.166,155.53113904444183
2,3,0.05,11,1000,3371.044091356674,1685.522045678337,0.073,219.90686633027735
2,3,0.05,12,1000,3441.74727353423,1720.873636767115,0.058,202.23691613700964
2,3,0.05,13,1000,3248.3674892247554,1624.1837446123777,0.134,183.05325973055471
2,3,0.05,14,1000,3284.3867591650924,1642.1933795825462,0.11,248.1137157483796
2,3,0.05,15,1000,3425.2846141851255,1712.6423070925628,0.025,274.660518690501
2,3,0.05,16,1000,3373.967651919985,1686.9838259599926,0.054,246.63160445000585
2,3,0.05,17,1000,3270.9930157313975,1635.4965078656987,0.061,247.82673652029234
2,3,0.05,18,1000,2150.596521791366,1075.298260895683,0.789,79.34070369611936
2,3,0.05,19,1000,3201.002029500918,1600.501014750459,0.115,209.5080870809452
2,3,0.05,20,1000,3291.3979024744162,1645.6989512372081,0.042,272.8568529891829
2,3,0.05,21,1000,3451.9821979678663,1725.9910989839332,0.029,276.15731010150114
2,3,0.05,22,1000,3162.6671079571197,1581.3335539785598,0.159,180.55990809823118
2,3,0.05,23,1000,3278.66059916547,1639.330299582735,0.056,166.70909703639632
2,3,0.05,24,1000,3297.509520997518,1648.754760498759,0.062,290.72683738337867
2,3,0.05,25,1000,3330.6964581860757,1665.3482290930378,0.037,246.43238478070373
2,3,0.05,26,1000,3339.549229975686,1669.774614987843,0.037,254.56322071175657
2,3,0.05,27,1000,3298.2177983899846,1649.1088991949923,0.076,231.77262944512677
2,3,0.05,28,1000,2533.9361084971806,1266.9680542485903,0.58,62.30828741766868
2,3,0.05,29,1000,3359.130473745907,1679.5652368729534,0.11,229.33887259751407
2,3,0.05,30,1000,3340.2742808561925,1670.1371404280962,0.114,201.66243912417087
2,3,0.05,31,1000,3357.172393451665,1678.5861967258325,0.049,167.47708296126848
2,3,0.05,32,1000,3455.764888124622,1727.882444062311,0.035,201.25123961785584
2,3,0.05,33,1000,3275.680226020482,1637.840113010241,0.075,249.14411325285687
2,3,0.05,34,1000,3155.778919502396,1577.889459751198,0.097,302.04097464319193
2,3,0.05,35,1000,3373.896188524047,1686.9480942620235,0.057,223.74140349508423
2,3,0.05,36,1000,3478.6321332565212,1739.3160666282606,0.034,219.67370904066343
2,3,0.05,37,1000,3412.4838903710183,1706.2419451855092,0.04,186.48146576574436
2,3,0.05,38,1000,3317.9767280221217,1658.9883640110609,0.123,225.8627449707799
2,3,0.05,39,1000,3388.189011722282,1694.094505861141,0.043,234.01357496982143
2,3,0.05,40,1000,3286.7302824763797,1643.3651412381898,0.065,191.02932968847313
2,3,0.05,41,1000,3288.5200616661737,1644.2600308330868,0.052,322.3979895220011
2,3,0.05,42,1000,2666.952443702634,1333.476221851317,0.477,144.97390625675268
2,3,0.05,43,1000,3255.103826121361,1627.5519130606806,0.044,258.4068276500386
2,3,0.05,44,1000,3195.3471371932933,1597.6735685966466,0.092,202.12508639655994
2,3,0.05,45,1000,3519.265700413932,1759.632850206966,0.026,241.24828198834848
2,3,0.05,46,1000,3374.377055869276,1687.188527934638,0.056,204.3519343826564
2,3,0.05,47,1000,3388.7814039026116,1694.3907019513058,0.04,254.68834035319662
2,3,0.05,48,1000,3276.481363706089,1638.2406818530444,0.046,299.31772168558484
2,3,0.05,49,1000,3311.974877555537,1655.9874387777686,0.058,261.3331559811912
2,3,0.1,0,1000,3326.8766280426935,1663.4383140213467,0.069,231.09481598681407
2,3,0.1,1,1000,3340.383402950527,1670.1917014752635,0.061,237.14755646760216
2,3,0.1,2,1000,3243.935440259793,1621.9677201298964,0.09,225.3801684684396
2,3,0.1,3,1000,3393.694221845106,1696.847110922553,0.068,212.5708091374122
2,3,0.1,4,1000,3291.0119791834322,1645.5059895917161,0.056,235.8768531458893
2,3,0.1,5,1000,3231.5540070593147,1615.7770035296573,0.119,193.3686647575057
2,3,0.1,6,1000,3371.4007483177215,1685.7003741588608,0.063,167.68198397939955
2,3,0.1,7,1000,3316.610508457158,1658.305254228579,0.072,239.6301129001896
2,3,0.1,8,1000,3269.034625472831,1634.5173127364155,0.069,224.86460012036184
2,3,0.1,9,1000,3359.7094190412727,1679.8547095206363,0.072,212.57605463250638
2,3,0.1,10,1000,3183.9356077060065,1591.9678038530033,0.089,217.9791962257409
2,3,0.1,11,1000,3347.1368000268903,1673.5684000134452,0.092,239.43538993351763
2,3,0.1,12,1000,3062.8114750527157,1531.4057375263578,0.266,152.42642802508715
2,3,0.1,13,1000,3239.621103883145,1619.8105519415726,0.128,207.4624831114762
2,3,0.1,14,1000,3254.839700529052,1627.419850264526,0.114,218.61731075594275
2,3,0.1,15,1000,3403.021618121292,1701.510809060646,0.072,206.80699330733057
2,3,0.1,16,1000,3354.7361632879165,1677.3680816439582,0.076,201.14240640804132
2,3,0.1,17,1000,3327.3602621332166,1663.6801310666083,0.077,281.5002865533544
2,3,0.1,18,1000,2994.0272716421173,1497.0136358210586,0.091,328.4986808013482
2,3,0.1,19,1000,3228.950274284652,1614.475137142326,0.13,220.6966058553569
2,3,0.1,20,1000,3337.0519657155455,1668.5259828577728,0.068,208.1226119319423
2,3,0.1,21,1000,3295.9165318362975,1647.9582659181488,0.09,207.27435972171895
2,3,0.1,22,1000,3222.267175998241,1611.1335879991204,0.079,214.96909017659482
2,3,0.1,23,1000,3339.387901109735,1669.6939505548676,0.081,191.69451646758182
2,3,0.1,24,1000,3254.234340722303,1627.1171703611515,0.075,245.815379796534
2,3,0.1,25,1000,3338.423059409506,1669.211529704753,0.069,231.65150719050223
2,3,0.1,26,1000,3217.560706932011,1608.7803534660054,0.07,215.24343036144933
2,3,0.1,27,1000,3305.3717846025434,1652.6858923012717,0.061,258.9604299303712
2,3,0.1,28,1000,2871.3333747360884,1435.6666873680442,0.371,83.02321526084108
2,3,0.1,29,1000,3239.7788794742355,1619.8894397371178,0.106,208.78340049495122
2,3,0.1,30,1000,3187.2011973976414,1593.6005986988207,0.142,170.68890244751935
2,3,0.1,31,1000,3248.4994595928656,1624.2497297964328,0.087,233.60039693100407
2,3,0.1,32,1000,3327.3112563831783,1663.6556281915891,0.088,200.78122856754578
2,3,0.1,33,1000,3199.639237309015,1599.8196186545074,0.162,184.2231683692147
2,3,0.1,34,1000,3180.872910470108,1590.436455235054,0.093,227.10985396240733
2,3,0.1,35,1000,3361.399806020224,1680.699903010112,0.069,225.025621989839
2,3,0.1,36,1000,3347.788886558029,1673.8944432790145,0.077,239.83584350604588
2,3,0.1,37,1000,3314.261380230272,1657.130690115136,0.091,210.3651081182104
2,3,0.1,38,1000,3345.5400862837505,1672.7700431418752,0.066,232.86365438454038
2,3,0.1,39,1000,2838.027421014175,1419.0137105070876,0.32,191.06247461600208
2,3,0.1,40,1000,3231.513119496235,1615.7565597481175,0.082,197.14777421742065
2,3,0.1,41,1000,3111.8482179419143,1555.9241089709571,0.19,154.7573966428132
2,3,0.1,42,1000,3228.219617588383,1614.1098087941914,0.062,252.29291445286322
2,3,0.1,43,1000,3169.9252574153134,1584.9626287076567,0.123,137.10719261934207
2,3,0.1,44,1000,3282.651332044366,1641.325666022183,0.102,215.80094193637206
2,3,0.1,45,1000,3301.2030001396006,1650.6015000698003,0.087,232.02280624283856
2,3,0.1,46,1000,3256.5625855290164,1628.2812927645082,0.086,188.19613227200978
2,3,0.1,47,1000,3056.5175120875533,1528.2587560437767,0.252,193.48150420464117
2,3,0.1,48,1000,3325.676650814241,1662.8383254071205,0.073,232.8173057347476
2,3,0.1,49,1000,3227.1122063288985,1613.5561031644493,0.065,295.91178857117814
2,3,0.2,0,1000,3104.8102170653997,1552.4051085326998,0.122,205.92731190012364
2,3,0.2,1,1000,3159.5632506145175,1579.7816253072588,0.11,187.40408931249317
2,3,0.2,2,1000,3107.766181239031,1553.8830906195155,0.142,196.72724253775914
2,3,0.2,3,1000,3161.418751107032,1580.709375553516,0.164,168.49391815630815
2,3,0.2,4,1000,3158.7068047779007,1579.3534023889504,0.124,178.34902698479254
2,3,0.2,5,1000,3143.6815718762077,1571.8407859381039,0.141,221.87549947874095
2,3,0.2,6,1000,3077.8441893352274,1538.9220946676137,0.136,207.06245153789018
2,3,0.2,7,1000,3165.344380471044,1582.672190235522,0.126,212.26389729187702
2,3,0.2,8,1000,3147.650608346961,1573.8253041734804,0.119,209.63220727760086
2,3,0.2,9,1000,3332.217682004518,1666.108841002259,0.111,178.39987813774212
2,3,0.2,10,1000,3137.2601749919095,1568.6300874959547,0.11,182.1977068457029
2,3,0.2,11,1000,3128.2246798301126,1564.1123399150563,0.135,227.5691319640846
2,3,0.2,12,1000,3160.345927598296,1580.172963799148,0.109,209.4166766514976
2,3,0.2,13,1000,3165.0529320064834,1582.5264660032417,0.149,180.16473199580867
2,3,0.2,14,1000,3306.672519939564,1653.336259969782,0.111,204.62967129059132
2,3,0.2,15,1000,3114.128717563922,1557.064358781961,0.135,187.0823034202308
2,3,0.2,16,1000,3255.6673862212774,1627.8336931106387,0.125,176.03910396921185
2,3,0.2,17,1000,3201.271700559973,1600.6358502799865,0.149,192.78420301397296
2,3,0.2,18,1000,3215.6316604487774,1607.8158302243887,0.13,195.07679718829206
2,3,0.2,19,1000,3163.6108200870776,1581.8054100435388,0.149,206.06238695046304
2,3,0.2,20,1000,3148.1718870788754,1574.0859435394377,0.154,144.08912937535115
2,3,0.2,21,1000,3132.2121717467962,1566.1060858733981,0.124,217.28187615167644
2,3,0.2,22,1000,3139.5950689303727,1569.7975344651863,0.134,199.50509655509256
2,3,0.2,23,1000,3024.7375359886973,1512.3687679943487,0.229,177.9852283169646
2,3,0.2,24,1000,3191.05854769659,1595.529273848295,0.105,191.09210134837292
2,3,0.2,25,1000,3201.322120888499,1600.6610604442494,0.116,241.0852446094228
2,3,0.2,26,1000,3139.2414945086657,1569.6207472543329,0.132,205.76057673913408
2,3,0.2,27,1000,3222.0058871729916,1611.0029435864958,0.125,170.55387098393783
2,3,0.2,28,1000,3154.010879199661,1577.0054395998304,0.126,181.34235226659075
2,3,0.2,29,1000,3225.8588628819134,1612.9294314409567,0.15,201.03526625952668
2,3,0.2,30,1000,3133.3700849007637,1566.6850424503818,0.137,201.11964233215292
2,3,0.2,31,1000,3088.8066700975965,1544.4033350487982,0.135,148.1951942116259
2,3,0.2,32,1000,3158.2264366371846,1579.1132183185923,0.125,203.1582526968008
2,3,0.2,33,1000,3177.314129058512,1588.657064529256,0.108,243.75079445508004
2,3,0.2,34,1000,3167.7861435992363,1583.8930717996182,0.129,195.05652748642615
2,3,0.2,35,1000,3019.17987215513,1509.589936077565,0.24,166.47464737602195
2,3,0.2,36,1000,3120.604611765217,1560.3023058826086,0.186,215.96982249375537
2,3,0.2,37,1000,3309.1443838319296,1654.5721919159648,0.115,208.09769996697287
2,3,0.2,38,1000,3175.3433776427255,1587.6716888213627,0.152,187.7604754048681
2,3,0.2,39,1000,3118.6930765739744,1559.3465382869872,0.166,168.6254751328089
2,3,0.2,40,1000,3197.5478113395957,1598.7739056697978,0.114,197.52512276341315
2,3,0.2,41,1000,3135.3787792313424,1567.6893896156712,0.137,207.85791034734814
2,3,0.2,42,1000,3251.4829431611115,1625.7414715805558,0.109,232.29549811567188
2,3,0.2,43,1000,3154.75087983352,1577.37543991676,0.135,200.12920062360809
2,3,0.2,44,1000,3173.7717266497443,1586.8858633248722,0.132,186.0449765073879
2,3,0.2,45,1000,3164.277242050609,1582.1386210253045,0.128,236.44328900508663
2,3,0.2,46,1000,3240.7042213908726,1620.3521106954363,0.123,186.4765840919805
2,3,0.2,47,1000,3155.859837961052,1577.929918980526,0.142,215.360603207277
2,3,0.2,48,1000,3102.742237164244,1551.371118582122,0.142,192.03256932634088
2,3,0.2,49,1000,3090.827945897762,1545.413972948881,0.11,154.84799413731696
2,3,0.3,0,1000,2805.1833097578897,1402.5916548789448,0.333,101.11628825669982
2,3,0.3,1,1000,3030.685111001121,1515.3425555005606,0.178,147.47548313758625
2,3,0.3,2,1000,3033.7994638059026,1516.8997319029513,0.195,171.74443015194163
2,3,0.3,3,1000,3112.188759768753,1556.0943798843764,0.158,161.66932080530773
2,3,0.3,4,1000,2961.1236241827028,1480.5618120913514,0.286,160.3846097116117
2,3,0.3,5,1000,3035.847616975291,1517.9238084876456,0.205,174.96203078071926
2,3,0.3,6,1000,3052.7101705782993,1526.3550852891497,0.184,141.00230351125788
2,3,0.3,7,1000,2977.262700250785,1488.6313501253926,0.23,130.03613922105842
2,3,0.3,8,1000,2966.8532272743423,1483.4266136371712,0.204,160.7863682209894
2,3,0.3,9,1000,3023.796599606065,1511.8982998030324,0.216,133.06323776202214
2,3,0.3,10,1000,3040.8964023092617,1520.4482011546309,0.183,162.54910321827788
2,3,0.3,11,1000,3032.494427041709,1516.2472135208545,0.194,124.39029133104293
2,3,0.3,12,1000,3013.625126378309,1506.8125631891544,0.165,181.63642523637702
2,3,0.3,13,1000,3068.97776749869,1534.488883749345,0.161,148.4343560176568
2,3,0.3,14,1000,3101.1602869381522,1550.5801434690761,0.177,151.91013550748733
2,3,0.3,15,1000,3134.18703207636,1567.09351603818,0.166,163.05118060451935
2,3,0.3,16,1000,3065.514464942986,1532.757232471493,0.176,174.36118400154817
2,3,0.3,17,1000,2927.6246119196585,1463.8123059598292,0.24,152.48606363970327
2,3,0.3,18,1000,3076.8320220617716,1538.4160110308858,0.177,187.2230434230206
2,3,0.3,19,1000,2804.8453842474228,1402.4226921237114,0.314,123.27951060252678
2,3,0.3,20,1000,3043.706407784902,1521.853203892451,0.176,143.0971043557446
2,3,0.3,21,1000,3108.585278384922,1554.292639192461,0.167,130.3585774554599
2,3,0.3,22,1000,2930.6909207419912,1465.3454603709956,0.277,139.07455764954682
2,3,0.3,23,1000,3054.5237542740188,1527.2618771370094,0.183,146.51103665391213
2,3,0.3,24,1000,3075.5780022578165,1537.7890011289082,0.158,152.69340158627244
2,3,0.3,25,1000,3056.262896122803,1528.1314480614014,0.192,165.52300372176876
2,3,0.3,26,1000,3066.8111158892593,1533.4055579446297,0.18,180.2328699528873
2,3,0.3,27,1000,2843.605990676522,1421.802995338261,0.316,66.8575750887494
2,3,0.3,28,1000,3022.0449830848493,1511.0224915424246,0.186,175.64174977131358
2,3,0.3,29,1000,3146.151796135453,1573.0758980677265,0.161,147.7596608628487
2,3,0.3,30,1000,3139.5985898078156,1569.7992949039078,0.161,164.3677080172804
2,3,0.3,31,1000,2675.8215567663815,1337.9107783831907,0.443,59.84603530493041
2,3,0.3,32,1000,3109.4030772747333,1554.7015386373666,0.178,173.91256827407142
2,3,0.3,33,1000,3086.2796981640377,1543.1398490820188,0.165,183.00987590727152
2,3,0.3,34,1000,3062.7634449558905,1531.3817224779452,0.178,164.4319179855056
2,3,0.3,35,1000,2932.636217894269,1466.3181089471345,0.297,99.10616387328321
2,3,0.3,36,1000,2781.0450757630456,1390.5225378815228,0.311,93.47870159000286
2,3,0.3,37,1000,3088.3298362872256,1544.1649181436128,0.188,159.96179315157826
2,3,0.3,38,1000,3089.5877642241985,1544.7938821120993,0.16,212.32987644433626
2,3,0.3,39,1000,3031.4572963827727,1515.7286481913864,0.206,198.80411764814676
2,3,0.3,40,1000,3046.6400067288682,1523.3200033644341,0.164,157.07800091482818
2,3,0.3,41,1000,3002.6109048678254,1501.3054524339127,0.241,141.15755534814525
2,3,0.3,42,1000,3056.440889981954,1528.220444990977,0.176,145.9283196111769
2,3,0.3,43,1000,3020.9309085775203,1510.4654542887602,0.162,189.69550879280712
2,3,0.3,44,1000,3042.7324152880847,1521.3662076440423,0.18,146.04366513948696
2,3,0.3,45,1000,3056.176671906999,1528.0883359534996,0.176,140.27574016770507
2,3,0.3,46,1000,3142.18663308058,1571.09331654029,0.169,143.93643627718484
2,3,0.3,47,1000,3029.441617246759,1514.7208086233795,0.194,168.35192269395873
2,3,0.3,48,1000,3011.468375225997,1505.7341876129985,0.163,140.08326757164593
2,3,0.3,49,1000,2964.929939916252,1482.464969958126,0.207,127.68921964185552
3,3,0.0,0,1000,925.5849127336847,308.5283042445616,1.0,0.0
3,3,0.0,1,1000,1018.7945128426481,339.59817094754936,1.0,0.0
3,3,0.0,2,1000,993.4099532156185,331.13665107187285,1.0,0.0
3,3,0.0,3,1000,2004.765442170853,668.2551473902844,1.0,0.0
3,3,0.0,4,1000,1010.6742875335418,336.8914291778473,1.0,0.0
3,3,0.0,5,1000,994.4275116652434,331.4758372217478,1.0,0.0
3,3,0.0,6,1000,1016.2592374455586,338.75307914851953,1.0,0.0
3,3,0.0,7,1000,1032.9092860310159,344.30309534367194,1.0,0.0
3,3,0.0,8,1000,980.6546731880001,326.88489106266667,1.0,0.0
3,3,0.0,9,1000,997.4281917715545,332.4760639238515,1.0,0.0
3,3,0.0,10,1000,966.8578082120905,322.28593607069683,1.0,0.0
3,3,0.0,11,1000,2009.244224475062,669.7480748250207,1.0,0.0
3,3,0.0,12,1000,1033.8688184099979,344.62293946999927,1.0,0.0
3,3,0.0,13,1000,1021.7599337818184,340.58664459393947,1.0,0.0
3,3,0.0,14,1000,1033.68117260649,344.56039086883,1.0,0.0
3,3,0.0,15,1000,1011.7661613127375,337.2553871042458,1.0,0.0
3,3,0.0,16,1000,998.33497937628,332.77832645876,1.0,0.0
3,3,0.0,17,1000,1016.7768933914626,338.92563113048755,1.0,0.0
3,3,0.0,18,1000,968.9003758080717,322.96679193602387,1.0,0.0
3,3,0.0,19,1000,1003.1839309718848,334.3946436572949,1.0,0.0
3,3,0.0,20,1000,999.5581416481263,333.1860472160421,1.0,0.0
3,3,0.0,21,1000,979.4068291067723,326.46894303559077,1.0,0.0
3,3,0.0,22,1000,1000.6373238267953,333.54577460893177,1.0,0.0
3,3,0.0,23,1000,1032.5398546220624,344.17995154068745,1.0,0.0
3,3,0.0,24,1000,957.4866235255722,319.1622078418574,1.0,0.0
3,3,0.0,25,1000,1050.5681605945247,350.18938686484154,1.0,0.0
3,3,0.0,26,1000,1033.376285183486,344.4587617278287,1.0,0.0
3,3,0.0,27,1000,996.4918917513623,332.1639639171208,1.0,0.0
3,3,0.0,28,1000,999.2347278688068,333.0782426229356,1.0,0.0
3,3,0.0,29,1000,1009.6615247778227,336.55384159260757,1.0,0.0
3,3,0.0,30,1000,1036.7484579064983,345.5828193021661,1.0,0.0
3,3,0.0,31,1000,983.5535340351053,327.85117801170173,1.0,0.0
3,3,0.0,32,1000,983.2005477575831,327.73351591919436,1.0,0.0
3,3,0.0,33,1000,952.2528461761892,317.41761539206306,1.0,0.0
3,3,0.0,34,1000,1032.7089988071968,344.23633293573226,1.0,0.0
3,3,0.0,35,1000,1072.592589083297,357.5308630277657,1.0,0.0
3,3,0.0,36,1000,1006.4783330185426,335.4927776728475,1.0,0.0
3,3,0.0,37,1000,1021.4123373503205,340.4707791167735,1.0,0.0
3,3,0.0,38,1000,980.6216919351002,326.8738973117001,1.0,0.0
3,3,0.0,39,1000,1988.549267061637,662.8497556872123,1.0,0.0
3,3,0.0,40,1000,1035.1192328587467,345.0397442862489,1.0,0.0
3,3,0.0,41,1000,1025.5791937604658,341.85973125348863,1.0,0.0
3,3,0.0,42,1000,1000.808317535126,333.6027725117087,1.0,0.0
3,3,0.0,43,1000,1953.2809904030805,651.0936634676935,1.0,0.0
3,3,0.0,44,1000,1037.9648984975843,345.98829949919474,1.0,0.0
3,3,0.0,45,1000,1010.9085567344687,336.96951891148956,1.0,0.0
3,3,0.0,46,1000,1010.8697143073205,336.95657143577347,1.0,0.0
3,3,0.0,47,1000,1041.052242789443,347.01741426314766,1.0,0.0
3,3,0.0,48,1000,981.4898135420003,327.16327118066675,1.0,0.0
3,3,0.0,49,1000,2021.8733309079923,673.9577769693308,1.0,0.0
3,3,0.01,0,1000,3510.10786886736,1170.0359562891201,0.843,188.15853958500102
3,3,0.01,1,1000,2998.299441432724,999.4331471442414,0.997,160.76751246926645
3,3,0.01,2,1000,3193.8437873313355,1064.6145957771118,0.967,177.1552478842547
3,3,0.01,3,1000,3413.0126096046342,1137.6708698682114,0.974,209.03145822200943
3,3,0.01,4,1000,3194.745980696578,1064.9153268988593,0.989,141.58880391956106
3,3,0.01,5,1000,4348.42260906404,1449.4742030213467,0.112,352.67233265891616
3,3,0.01,6,1000,3224.5521991360065,1074.8507330453356,0.996,119.34300838067733
3,3,0.01,7,1000,3336.2692532581527,1112.089751086051,0.995,157.3684184843303
3,3,0.01,8,1000,4114.289987538499,1371.4299958461663,0.15,359.02944470537926
3,3,0.01,9,1000,3270.2216746110794,1090.0738915370264,0.988,237.27471283890583
3,3,0.01,10,1000,3460.843800887742,1153.614600295914,0.895,217.23317975824384
3,3,0.01,11,1000,3484.397413085021,1161.4658043616737,0.996,203.53481187997613
3,3,0.01,12,1000,3390.23289179986,1130.0776305999534,0.967,169.3938336849738
3,3,0.01,13,1000,3351.0038742169686,1117.0012914056563,0.99,215.0634685357194
3,3,0.01,14,1000,3182.5217586832796,1060.8405862277598,0.951,120.85702664078285
3,3,0.01,15,1000,4130.576114360738,1376.8587047869125,0.128,327.57617512690587
3,3,0.01,16,1000,4001.9604571147647,1333.986819038255,0.277,324.05502721274644
3,3,0.01,17,1000,3639.9362969845893,1213.3120989948632,0.782,179.85255258619722
3,3,0.01,18,1000,3402.1030146897356,1134.0343382299118,0.771,234.46588859409954
3,3,0.01,19,1000,4078.8705548454773,1359.6235182818257,0.237,440.901120823681
3,3,0.01,20,1000,3565.8014183714727,1188.6004727904908,0.818,200.12340128851025
3,3,0.01,21,1000,3061.2974043876848,1020.4324681292283,0.994,72.81120001997412
3,3,0.01,22,1000,3116.729414257412,1038.9098047524706,0.958,341.27955683228146
3,3,0.01,23,1000,3380.8825864135397,1126.9608621378466,0.938,277.635402437956
3,3,0.01,24,1000,3295.8865100310786,1098.6288366770261,0.569,132.83645925717278
3,3,0.01,25,1000,3508.074495339146,1169.3581651130487,0.763,253.7254492140093
3,3,0.01,26,1000,3103.537305651167,1034.5124352170558,0.994,207.95203464845287
3,3,0.01,27,1000,3212.0832077612276,1070.694402587076,0.968,200.62318763285165
3,3,0.01,28,1000,3489.375937682449,1163.1253125608164,0.848,494.931658578271
3,3,0.01,29,1000,3686.92590332938,1228.9753011097935,0.543,405.5818200565195
3,3,0.01,30,1000,3032.784030121598,1010.9280100405326,0.995,127.49377039227944
3,3,0.01,31,1000,2935.091609232944,978.3638697443147,0.849,167.5650265847873
3,3,0.01,32,1000,3491.9913170082827,1163.9971056694276,0.865,205.2413423049596
3,3,0.01,33,1000,3847.967451255264,1282.655817085088,0.542,300.8955924417719
3,3,0.01,34,1000,3209.7855919988715,1069.9285306662905,0.994,142.33817502986878
3,3,0.01,35,1000,4107.52122581736,1369.17374193912,0.151,361.84827111787496
3,3,0.01,36,1000,4263.41042861208,1421.13680953736,0.094,376.59425218492845
3,3,0.01,37,1000,3498.6163216776263,1166.2054405592087,0.994,257.71127753806877
3,3,0.01,38,1000,4045.175878224083,1348.3919594080278,0.235,246.75044352511838
3,3,0.01,39,1000,3482.143284779877,1160.714428259959,0.98,229.32789109873974
3,3,0.01,40,1000,3094.8126837211303,1031.6042279070434,0.982,241.64728859556223
3,3,0.01,41,1000,3591.693153617312,1197.2310512057707,0.486,208.9333445565826
3,3,0.01,42,1000,3333.014609216058,1111.004869738686,0.738,241.23811588928578
3,3,0.01,43,1000,3791.5765353040665,1263.8588451013554,0.513,234.09864936714132
3,3,0.01,44,1000,3466.459753381863,1155.4865844606209,0.989,223.65633549501194
3,3,0.01,45,1000,3911.6332950904443,1303.877765030148,0.266,257.8161051990143
3,3,0.01,46,1000,3585.813783286199,1195.2712610953997,0.422,264.16133344986133
3,3,0.01,47,1000,3334.380686731981,1111.4602289106604,0.98,165.68313940314135
3,3,0.01,48,1000,3084.179317385415,1028.0597724618049,0.975,261.6094386964624
3,3,0.01,49,1000,3317.390887059042,1105.7969623530141,0.996,196.3889598876174
3,3,0.05,0,1000,4259.187670626689,1419.7292235422299,0.127,372.7395818791664
3,3,0.05,1,1000,4353.291445893336,1451.0971486311118,0.13,375.25085972893436
3,3,0.05,2,1000,3574.732655769202,1191.5775519230674,0.963,182.3207344303736
3,3,0.05,3,1000,3518.6837568463043,1172.8945856154348,0.958,180.83417768143246
3,3,0.05,4,1000,3393.7236840889573,1131.2412280296523,0.973,223.51867625422332
3,3,0.05,5,1000,4398.628199595549,1466.2093998651828,0.117,348.8164578128377
3,3,0.05,6,1000,3505.1276053745937,1168.3758684581978,0.934,221.11246992780605
3,3,0.05,7,1000,3930.41675613164,1310.1389187105467,0.572,195.50876365869817
3,3,0.05,8,1000,3450.9299629601896,1150.3099876533965,0.957,166.96649106420904
3,3,0.05,9,1000,3652.4005330585223,1217.4668443528408,0.822,191.10768874536652
3,3,0.05,10,1000,4319.578814078421,1439.859604692807,0.128,361.2608270415997
3,3,0.05,11,1000,3392.306057138184,1130.768685712728,0.966,173.52065174400622
3,3,0.05,12,1000,3930.748667723302,1310.2495559077672,0.293,286.063123277618
3,3,0.05,13,1000,3514.1153344863565,1171.3717781621187,0.945,211.19058686293346
3,3,0.05,14,1000,4251.195593528319,1417.065197842773,0.153,330.70841218538067
3,3,0.05,15,1000,3421.080913026374,1140.3603043421247,0.951,183.42600780736961
3,3,0.05,16,1000,3459.9535832370866,1153.317861079029,0.966,211.77784193858196
3,3,0.05,17,1000,3325.1748886333157,1108.3916295444385,0.96,132.3435204864731
3,3,0.05,18,1000,3525.3004825246467,1175.1001608415488,0.933,216.81173129584607
3,3,0.05,19,1000,3937.0358771741285,1312.3452923913762,0.527,222.54168731330589
3,3,0.05,20,1000,3477.108130028648,1159.0360433428825,0.964,204.37124465188887
3,3,0.05,21,1000,3462.399657424744,1154.1332191415813,0.966,154.24415992367648
3,3,0.05,22,1000,3801.834637851218,1267.2782126170725,0.676,190.04204441903929
3,3,0.05,23,1000,3394.5157420941277,1131.5052473647092,0.966,198.48405564101628
3,3,0.05,24,1000,3390.1253484080626,1130.0417828026875,0.971,185.8841293630156
3,3,0.05,25,1000,3610.6708846960983,1203.556961565366,0.944,219.28105037868025
3,3,0.05,26,1000,3545.1715912292852,1181.723863743095,0.962,200.9421040517132
3,3,0.05,27,1000,3942.5684061380725,1314.1894687126908,0.522,212.90115751786783
3,3,0.05,28,1000,3387.954931181095,1129.3183103936983,0.964,234.0506838481394
3,3,0.05,29,1000,3459.152972809968,1153.050990936656,0.965,209.37465662861206
3,3,0.05,30,1000,3445.943457371064,1148.6478191236881,0.97,209.2898836654359
3,3,0.05,31,1000,3957.4846410959312,1319.161547031977,0.368,262.9268010456088
3,3,0.05,32,1000,4230.7291178623855,1410.243039287462,0.175,345.84348445005554
3,3,0.05,33,1000,3489.5088661725226,1163.1696220575075,0.956,209.75840447686866
3,3,0.05,34,1000,3381.2227430616067,1127.0742476872022,0.959,154.56509751634505
3,3,0.05,35,1000,4297.157317497338,1432.3857724991128,0.187,378.19642602127743
3,3,0.05,36,1000,3681.8927948335113,1227.297598277837,0.793,175.91392436010767
3,3,0.05,37,1000,3487.9113738128735,1162.637124604291,0.973,135.3617661611966
3,3,0.05,38,1000,3463.867027937261,1154.6223426457536,0.962,206.13432322147037
3,3,0.05,39,1000,4251.132531906967,1417.0441773023224,0.163,363.47173781028584
3,3,0.05,40,1000,3448.040944102677,1149.346981367559,0.966,182.59654460065448
3,3,0.05,41,1000,3463.796698373543,1154.5988994578477,0.974,197.38221173465055
3,3,0.05,42,1000,3460.680918604552,1153.5603062015173,0.971,193.27714886774152
3,3,0.05,43,1000,3495.7606853387933,1165.2535617795977,0.93,187.64926953898473
3,3,0.05,44,1000,3381.792208980126,1127.264069660042,0.961,206.53449708314312
3,3,0.05,45,1000,3429.53781427753,1143.1792714258434,0.97,188.3445077052552
3,3,0.05,46,1000,3604.7888551861734,1201.5962850620579,0.841,143.7309139146492
3,3,0.05,47,1000,3632.60379197217,1210.86793065739,0.803,152.12214789936812
3,3,0.05,48,1000,3427.2899943237953,1142.4299981079319,0.98,195.9383367225301
3,3,0.05,49,1000,4167.9155484112725,1389.3051828037576,0.269,310.74625992456413
3,3,0.1,0,1000,3546.89370475162,1182.2979015838735,0.919,169.76766143885038
3,3,0.1,1,1000,3535.462476835233,1178.4874922784109,0.932,173.36988774735536
3,3,0.1,2,1000,3523.18201985002,1174.3940066166733,0.919,158.90975423793816
3,3,0.1,3,1000,4242.264981794452,1414.0883272648173,0.27,316.4697861346341
3,3,0.1,4,1000,3442.6751196951736,1147.5583732317245,0.934,142.3384799624451
3,3,0.1,5,1000,3593.5579469606173,1197.8526489868725,0.833,146.16482649115062
3,3,0.1,6,1000,3524.1364159131035,1174.7121386377012,0.902,147.45000161790452
3,3,0.1,7,1000,4097.433855303872,1365.8112851012909,0.333,300.98902218404953
3,3,0.1,8,1000,3478.546181579615,1159.5153938598717,0.933,148.91391461250095
3,3,0.1,9,1000,4270.122981972655,1423.3743273242183,0.214,337.17844777779834
3,3,0.1,10,1000,3428.197322436559,1142.7324408121863,0.953,186.46201680879602
3,3,0.1,11,1000,4274.585500857426,1424.861833619142,0.197,373.19878454885713
3,3,0.1,12,1000,3486.803607642593,1162.2678692141976,0.896,135.28318523551985
3,3,0.1,13,1000,3517.309945204614,1172.436648401538,0.92,172.17846777599613
3,3,0.1,14,1000,3511.2191953300944,1170.4063984433649,0.866,159.12525068276554
3,3,0.1,15,1000,3495.49194445433,1165.1639814847767,0.93,165.91363825963037
3,3,0.1,16,1000,3572.868245136052,1190.9560817120173,0.911,156.1837745489064
3,3,0.1,17,1000,4132.922053122974,1377.6406843743246,0.223,323.604123350796
3,3,0.1,18,1000,3630.9887702321967,1210.329590077399,0.688,155.4634297490659
3,3,0.1,19,1000,3449.2498976695188,1149.7499658898396,0.912,188.60252853973236
3,3,0.1,20,1000,3458.4352684224255,1152.8117561408085,0.893,170.6030784889338
3,3,0.1,21,1000,3474.2412747945455,1158.0804249315152,0.928,143.08358767791321
3,3,0.1,22,1000,3942.0374313316975,1314.012477110566,0.508,248.524614923413
3,3,0.1,23,1000,3949.9096354117046,1316.6365451372349,0.508,201.16656226042807
3,3,0.1,24,1000,3458.4348735104204,1152.8116245034735,0.924,170.23571635625
3,3,0.1,25,1000,3521.031542350165,1173.6771807833884,0.919,188.78485413943352
3,3,0.1,26,1000,3516.3524322986304,1172.1174774328767,0.955,187.23234545323822
3,3,0.1,27,1000,4150.08679603131,1383.3622653437699,0.27,297.793175365364
3,3,0.1,28,1000,3468.7729852885636,1156.2576617628545,0.903,141.25966681746482
3,3,0.1,29,1000,3521.3687259476865,1173.7895753158955,0.901,156.85739781950605
3,3,0.1,30,1000,3516.00636529697,1172.0021217656567,0.926,162.72510277400883
3,3,0.1,31,1000,4150.181443229113,1383.3938144097044,0.194,347.58481121661504
3,3,0.1,32,1000,3518.4355865311372,1172.8118621770457,0.943,174.14408452538746
3,3,0.1,33,1000,3599.50189122193,1199.8339637406432,0.857,172.8302208936047
3,3,0.1,34,1000,3410.397087983405,1136.7990293278017,0.932,116.16409758992114
3,3,0.1,35,1000,3500.7508270795934,1166.9169423598644,0.931,160.86863817074436
3,3,0.1,36,1000,4159.340134113055,1386.4467113710182,0.214,330.3065908694772
3,3,0.1,37,1000,3825.61329099566,1275.2044303318867,0.59,188.87042057194813
3,3,0.1,38,1000,3674.161762228452,1224.720587409484,0.777,164.52935162232967
3,3,0.1,39,1000,4141.592022242277,1380.5306740807591,0.217,361.60265706385815
3,3,0.1,40,1000,3544.7841089184662,1181.594702972822,0.831,135.56218893599646
3,3,0.1,41,1000,3746.8967977783655,1248.965599259455,0.737,157.7769387423089
3,3,0.1,42,1000,3468.925796347108,1156.3085987823695,0.95,163.98741254285548
3,3,0.1,43,1000,3467.301444124553,1155.7671480415177,0.895,156.56577221355113
3,3,0.1,44,1000,3493.235531801589,1164.4118439338629,0.948,193.944221865281
3,3,0.1,45,1000,3472.028358851852,1157.3427862839505,0.923,182.83522399151803
3,3,0.1,46,1000,3483.622850940654,1161.207616980218,0.936,156.22959009396678
3,3,0.1,47,1000,3360.8480478260303,1120.2826826086769,0.94,170.36708598651302
3,3,0.1,48,1000,3322.6947756660534,1107.5649252220178,0.942,144.68015909163904
3,3,0.1,49,1000,3526.739035540165,1175.5796785133882,0.929,152.26068748979
3,3,0.2,0,1000,3441.267575272406,1147.0891917574686,0.888,130.54793785177557
3,3,0.2,1,1000,3503.1054605598374,1167.7018201866124,0.869,102.63753519334765
3,3,0.2,2,1000,3470.2288050225516,1156.7429350075172,0.902,109.9272656677354
3,3,0.2,3,1000,3420.5213011050223,1140.1737670350074,0.907,95.85324128450553
3,3,0.2,4,1000,3462.5700438706817,1154.1900146235605,0.895,106.6362795062548
3,3,0.2,5,1000,3463.161772508006,1154.3872575026687,0.863,114.75780105423186
3,3,0.2,6,1000,3377.826444463558,1125.9421481545194,0.878,94.23491681309258
3,3,0.2,7,1000,3570.8617952454397,1190.2872650818133,0.861,145.53880146470337
3,3,0.2,8,1000,3414.710098974767,1138.2366996582557,0.878,77.65138466928771
3,3,0.2,9,1000,3450.0642597916467,1150.021419930549,0.888,89.25962379777106
3,3,0.2,10,1000,3436.7816288805466,1145.5938762935155,0.895,72.69943258118607
3,3,0.2,11,1000,3458.093900223452,1152.6979667411506,0.895,130.36902003869804
3,3,0.2,12,1000,3419.9075528844273,1139.969184294809,0.887,100.67600000969294
3,3,0.2,13,1000,3426.711433690978,1142.2371445636593,0.857,107.55898003959949
3,3,0.2,14,1000,3544.1912121641412,1181.3970707213805,0.817,58.45639803268203
3,3,0.2,15,1000,3737.884499707411,1245.9614999024705,0.591,170.74554828832498
3,3,0.2,16,1000,3499.922818235541,1166.640939411847,0.885,126.65445625304507
3,3,0.2,17,1000,3509.122178625371,1169.7073928751236,0.897,117.86323220734174
3,3,0.2,18,1000,3447.110834339178,1149.036944779726,0.878,102.49335771302646
3,3,0.2,19,1000,3442.820161982422,1147.6067206608075,0.891,125.88806186410807
3,3,0.2,20,1000,3417.1908784645543,1139.0636261548514,0.892,114.83921630856067
3,3,0.2,21,1000,3419.9132109816405,1139.9710703272135,0.89,115.61953290631602
3,3,0.2,22,1000,3787.282001251334,1262.4273337504446,0.545,187.59077446992853
3,3,0.2,23,1000,3530.2406248050465,1176.7468749350155,0.877,127.24349153547578
3,3,0.2,24,1000,3432.8300068683784,1144.276668956126,0.896,106.0088892797016
3,3,0.2,25,1000,3482.004607518623,1160.6682025062075,0.872,116.94590373120303
3,3,0.2,26,1000,3469.0767969448425,1156.3589323149474,0.872,116.6084943240737
3,3,0.2,27,1000,3435.550430966865,1145.183476988955,0.829,102.42464304164255
3,3,0.2,28,1000,3443.8639814434273,1147.9546604811424,0.868,101.530549026645
3,3,0.2,29,1000,3489.6275674742965,1163.2091891580988,0.888,110.44420415052544
3,3,0.2,30,1000,3451.3616478085746,1150.4538826028581,0.89,98.55240339641317
3,3,0.2,31,1000,3448.732391208602,1149.5774637362008,0.882,106.96928292975244
3,3,0.2,32,1000,3506.588043232965,1168.862681077655,0.88,119.37269291317136
3,3,0.2,33,1000,3863.0390230367566,1287.6796743455855,0.445,266.90584281501856
3,3,0.2,34,1000,3394.564726728182,1131.5215755760607,0.888,97.81639449345262
3,3,0.2,35,1000,3470.9913944097502,1156.9971314699167,0.892,79.05072212484275
3,3,0.2,36,1000,3503.6060296103565,1167.8686765367854,0.852,71.5353364659869
3,3,0.2,37,1000,3474.2511458367426,1158.0837152789143,0.895,149.7192490678541
3,3,0.2,38,1000,3539.208089366708,1179.7360297889027,0.84,88.28579168159223
3,3,0.2,39,1000,3453.368638597991,1151.1228795326635,0.901,113.84271898458067
3,3,0.2,40,1000,3552.72229660876,1184.2407655362533,0.899,132.8551551378107
3,3,0.2,41,1000,3436.461168158601,1145.487056052867,0.893,97.3643420033571
3,3,0.2,42,1000,3386.8899375002457,1128.9633125000819,0.879,70.27660834246855
3,3,0.2,43,1000,3460.7670049030685,1153.5890016343562,0.888,91.64959431903051
3,3,0.2,44,1000,3414.9165591563997,1138.3055197187998,0.892,105.19016737298321
3,3,0.2,45,1000,3480.929913206689,1160.3099710688964,0.895,103.7503558953568
3,3,0.2,46,1000,3507.2537226634945,1169.0845742211648,0.893,67.91892766798165
3,3,0.2,47,1000,3487.3538005748755,1162.4512668582918,0.89,119.90650838068049
3,3,0.2,48,1000,3394.283411003703,1131.427803667901,0.874,81.53350747790579
3,3,0.2,49,1000,3488.5176580759653,1162.839219358655,0.798,129.6175329183341
3,3,0.3,0,1000,3412.158141498955,1137.3860471663183,0.839,82.62832637959966
3,3,0.3,1,1000,3466.256872607161,1155.4189575357202,0.867,96.64670940990646
3,3,0.3,2,1000,3505.101611287201,1168.3672037624003,0.84,67.33706537256306
3,3,0.3,3,1000,3445.367826528557,1148.4559421761858,0.865,74.20309328488025
3,3,0.3,4,1000,3468.31797657258,1156.10599219086,0.873,89.41190687384004
3,3,0.3,5,1000,3452.206298758232,1150.7354329194106,0.855,72.47620525255944
3,3,0.3,6,1000,3484.8036388203855,1161.6012129401286,0.854,66.49493810891514
3,3,0.3,7,1000,3510.6284292494647,1170.2094764164883,0.831,86.2930375325433
3,3,0.3,8,1000,3493.8508262945256,1164.6169420981753,0.837,55.09577927036275
3,3,0.3,9,1000,3409.6189168818546,1136.5396389606183,0.849,64.5258599967924
3,3,0.3,10,1000,3543.9827939589486,1181.3275979863163,0.866,109.90231498993964
3,3,0.3,11,1000,3365.3004929312237,1121.7668309770745,0.867,51.7865670184929
3,3,0.3,12,1000,3419.068998529351,1139.6896661764504,0.849,56.673502607986656
3,3,0.3,13,1000,3442.6095568719056,1147.536518957302,0.839,77.78733553602501
3,3,0.3,14,1000,3436.270052504621,1145.4233508348736,0.835,69.74904835123169
3,3,0.3,15,1000,3570.5168553299927,1190.1722851099976,0.85,64.84557501933655
3,3,0.3,16,1000,3515.951026207754,1171.9836754025846,0.84,64.61614363813584
3,3,0.3,17,1000,3498.621618324848,1166.2072061082827,0.872,98.00052031084284
3,3,0.3,18,1000,3434.419803949011,1144.806601316337,0.861,92.77728924183342
3,3,0.3,19,1000,3559.844031610275,1186.6146772034251,0.822,83.75608955744885
3,3,0.3,20,1000,3379.12340041522,1126.3744668050733,0.846,71.10265038031959
3,3,0.3,21,1000,3496.6914718042663,1165.5638239347554,0.832,40.664134449736046
3,3,0.3,22,1000,3396.220667083046,1132.0735556943487,0.817,66.03488033876266
3,3,0.3,23,1000,3471.505263369909,1157.168421123303,0.863,80.49270817901481
3,3,0.3,24,1000,3490.218608621696,1163.4062028738988,0.846,50.9440581858273
3,3,0.3,25,1000,3467.900153363029,1155.9667177876763,0.821,72.67505569604633
3,3,0.3,26,1000,3462.867663505545,1154.289221168515,0.863,58.78521519857743
3,3,0.3,27,1000,3449.5888398706966,1149.8629466235654,0.854,108.35523412695302
3,3,0.3,28,1000,3578.2009509490854,1192.7336503163617,0.809,72.11608467647127
3,3,0.3,29,1000,3532.8748978382746,1177.6249659460916,0.863,90.27482879696667
3,3,0.3,30,1000,3469.2927865785523,1156.4309288595175,0.854,58.066201700861704
3,3,0.3,31,1000,3477.607919714829,1159.202639904943,0.818,99.8897191101033
3,3,0.3,32,1000,3550.8671482813033,1183.6223827604344,0.847,79.46866452786496
3,3,0.3,33,1000,3440.6276097374293,1146.8758699124764,0.837,86.79159369011298
3,3,0.3,34,1000,3496.5939682669423,1165.5313227556474,0.836,79.05123891538886
3,3,0.3,35,1000,3436.7788330329904,1145.5929443443301,0.865,41.767294623901215
3,3,0.3,36,1000,3469.3220471450977,1156.4406823816992,0.844,57.14907886747509
3,3,0.3,37,1000,3466.312734971384,1155.4375783237947,0.844,92.60639242904188
3,3,0.3,38,1000,3507.774415147394,1169.2581383824647,0.86,94.98000896189669
3,3,0.3,39,1000,3499.4088805850333,1166.4696268616779,0.848,63.51137542915483
3,3,0.3,40,1000,3376.750309641505,1125.5834365471683,0.87,61.492590921920886
3,3,0.3,41,1000,3395.2451369287855,1131.7483789762618,0.865,79.61446878412268
3,3,0.3,42,1000,3429.149658341185,1143.0498861137282,0.851,50.893703758070906
3,3,0.3,43,1000,3443.361023102335,1147.7870077007783,0.859,45.87104797248965
3,3,0.3,44,1000,3375.2594773590827,1125.0864924530276,0.833,44.850253793499064
3,3,0.3,45,1000,3443.7886950398647,1147.9295650132883,0.846,82.34333098273646
3,3,0.3,46,1000,3491.46734340932,1163.8224478031068,0.824,69.8479998604446
3,3,0.3,47,1000,3441.079311385804,1147.0264371286014,0.852,66.27052407713153
3,3,0.3,48,1000,3464.4351003479196,1154.8117001159733,0.856,56.577878003284795
3,3,0.3,49,1000,3427.5592743678426,1142.5197581226141,0.844,72.51588832663164
4,3,0.0,0,1000,2003.338687538401,500.83467188460025,1.0,0.0
4,3,0.0,1,1000,1964.4205434344117,491.1051358586029,1.0,0.0
4,3,0.0,2,1000,2055.58118301331,513.8952957533274,1.0,0.0
4,3,0.0,3,1000,983.4968157024254,245.87420392560634,1.0,0.0
4,3,0.0,4,1000,1017.6641361666002,254.41603404165005,1.0,0.0
4,3,0.0,5,1000,1963.3423017912137,490.8355754478034,1.0,0.0
4,3,0.0,6,1000,971.0728350570707,242.76820876426768,1.0,0.0
4,3,0.0,7,1000,1003.0507096484373,250.76267741210933,1.0,0.0
4,3,0.0,8,1000,1044.7927640010946,261.19819100027365,1.0,0.0
4,3,0.0,9,1000,974.5235377385786,243.63088443464466,1.0,0.0
4,3,0.0,10,1000,1002.0889007232228,250.5222251808057,1.0,0.0
4,3,0.0,11,1000,1997.6167337660593,499.4041834415148,1.0,0.0
4,3,0.0,12,1000,1014.3612420286646,253.59031050716615,1.0,0.0
4,3,0.0,13,1000,1026.2622475574049,256.5655618893512,1.0,0.0
4,3,0.0,14,1000,1031.0407930959668,257.7601982739917,1.0,0.0
4,3,0.0,15,1000,1047.1505410291377,261.7876352572844,1.0,0.0
4,3,0.0,16,1000,2040.8943493433635,510.2235873358409,1.0,0.0
4,3,0.0,17,1000,957.5543444601403,239.38858611503508,1.0,0.0
4,3,0.0,18,1000,1992.7570987710403,498.1892746927601,1.0,0.0
4,3,0.0,19,1000,1987.9384218306539,496.98460545766346,1.0,0.0
4,3,0.0,20,1000,995.0455401914734,248.76138504786834,1.0,0.0
4,3,0.0,21,1000,978.0494527777809,244.51236319444521,1.0,0.0
4,3,0.0,22,1000,967.3396575050562,241.83491437626404,1.0,0.0
4,3,0.0,23,1000,1047.7759994410098,261.94399986025246,1.0,0.0
4,3,0.0,24,1000,983.6559622281321,245.91399055703303,1.0,0.0
4,3,0.0,25,1000,994.0072717158345,248.50181792895862,1.0,0.0
4,3,0.0,26,1000,1015.6061038179927,253.90152595449817,1.0,0.0
4,3,0.0,27,1000,1016.4253845249234,254.10634613123085,1.0,0.0
4,3,0.0,28,1000,1006.7982355751657,251.69955889379142,1.0,0.0
4,3,0.0,29,1000,1010.3206225603699,252.58015564009247,1.0,0.0
4,3,0.0,30,1000,1062.612453506249,265.65311337656226,1.0,0.0
4,3,0.0,31,1000,965.8466632159685,241.46166580399213,1.0,0.0
4,3,0.0,32,1000,2019.9800361311918,504.99500903279795,1.0,0.0
4,3,0.0,33,1000,1974.9834582195915,493.7458645548979,1.0,0.0
4,3,0.0,34,1000,994.620422890741,248.65510572268525,1.0,0.0
4,3,0.0,35,1000,974.1797078461723,243.54492696154307,1.0,0.0
4,3,0.0,36,1000,1001.2777562620162,250.31943906550404,1.0,0.0
4,3,0.0,37,1000,1002.521141797279,250.63028544931976,1.0,0.0
4,3,0.0,38,1000,999.1273140180365,249.78182850450912,1.0,0.0
4,3,0.0,39,1000,2025.957708296327,506.48942707408173,1.0,0.0
4,3,0.0,40,1000,1060.4168790679678,265.10421976699195,1.0,0.0
4,3,0.0,41,1000,2014.1962582987162,503.54906457467905,1.0,0.0
4,3,0.0,42,1000,1037.066014013884,259.266503503471,1.0,0.0
4,3,0.0,43,1000,1997.8430196193758,499.46075490484395,1.0,0.0
4,3,0.0,44,1000,981.1040347476393,245.27600868690982,1.0,0.0
4,3,0.0,45,1000,978.1393125416716,244.5348281354179,1.0,0.0
4,3,0.0,46,1000,1029.2281760173325,257.30704400433314,1.0,0.0
4,3,0.0,47,1000,1026.0812829130018,256.52032072825045,1.0,0.0
4,3,0.0,48,1000,937.7936627412065,234.44841568530163,1.0,0.0
4,3,0.0,49,1000,983.6622165062211,245.91555412655526,1.0,0.0
4,3,0.01,0,1000,3496.699937819567,874.1749844548917,1.0,123.06382809771262
4,3,0.01,1,1000,3427.0794947403347,856.7698736850837,1.0,245.81099815947988
4,3,0.01,2,1000,4041.475835440718,1010.3689588601795,1.0,210.46395222781786
4,3,0.01,3,1000,3369.57753625686,842.394384064215,1.0,139.01157365992944
4,3,0.01,4,1000,3630.398128765623,907.5995321914057,1.0,285.5849594452949
4,3,0.01,5,1000,3462.293677880066,865.5734194700165,1.0,107.40640886547088
4,3,0.01,6,1000,3875.8852182754263,968.9713045688566,1.0,143.3109364153459
4,3,0.01,7,1000,4322.210903771932,1080.552725942983,1.0,155.26714424005866
4,3,0.01,8,1000,3472.878290822432,868.219572705608,1.0,138.6638735207562
4,3,0.01,9,1000,3343.8741592475358,835.9685398118839,1.0,84.56532569306721
4,3,0.01,10,1000,4174.314402249866,1043.5786005624666,1.0,282.05277189169834
4,3,0.01,11,1000,3756.927675201169,939.2319188002923,1.0,87.42183116168408
4,3,0.01,12,1000,4325.081236850613,1081.2703092126533,1.0,177.29360502302947
4,3,0.01,13,1000,4407.886638279526,1101.9716595698815,1.0,182.65859011184344
4,3,0.01,14,1000,4339.146450794844,1084.786612698711,1.0,212.25315909924583
4,3,0.01,15,1000,3877.592661909996,969.398165477499,1.0,102.22708252538165
4,3,0.01,16,1000,3391.5176078940435,847.8794019735109,1.0,296.7507010855283
4,3,0.01,17,1000,4212.510648038947,1053.1276620097367,1.0,151.60002985049
4,3,0.01,18,1000,3421.8718569349776,855.4679642337444,1.0,287.0069436264717
4,3,0.01,19,1000,4203.840145929564,1050.960036482391,1.0,155.68308235494456
4,3,0.01,20,1000,4277.986150160806,1069.4965375402014,1.0,178.65627759066442
4,3,0.01,21,1000,4392.3705405667515,1098.0926351416879,1.0,204.99611814850834
4,3,0.01,22,1000,3838.6135302090242,959.6533825522561,1.0,288.79872126808397
4,3,0.01,23,1000,4221.304369922566,1055.3260924806416,1.0,178.49986191062692
4,3,0.01,24,1000,3114.2576126853987,778.5644031713497,1.0,68.05753338518365
4,3,0.01,25,1000,3349.9032775543656,837.4758193885914,1.0,190.4530949193289
4,3,0.01,26,1000,4213.943452590286,1053.4858631475715,1.0,223.89125903071192
4,3,0.01,27,1000,4065.686757831463,1016.4216894578658,1.0,159.8268074168347
4,3,0.01,28,1000,4294.040285964397,1073.5100714910993,1.0,179.90517384519916
4,3,0.01,29,1000,4278.145883855677,1069.5364709639193,1.0,473.03434000076163
4,3,0.01,30,1000,3893.272676388813,973.3181690972033,1.0,157.41301865951448
4,3,0.01,31,1000,3075.1956546583515,768.7989136645879,1.0,146.17351302659316
4,3,0.01,32,1000,4504.4440270915475,1126.1110067728869,1.0,203.604417037889
4,3,0.01,33,1000,3697.153789112013,924.2884472780032,1.0,152.53034274288407
4,3,0.01,34,1000,3980.824235199998,995.2060587999995,1.0,149.36741061818725
4,3,0.01,35,1000,3618.2486173626085,904.5621543406521,1.0,207.44771351935094
4,3,0.01,36,1000,3422.3871491180453,855.5967872795113,1.0,105.57122526496654
4,3,0.01,37,1000,4403.249261488802,1100.8123153722006,1.0,182.33504487584355
4,3,0.01,38,1000,4125.68659590371,1031.4216489759276,1.0,175.46325061892594
4,3,0.01,39,1000,4222.7901763536365,1055.6975440884091,1.0,214.93106154309132
4,3,0.01,40,1000,3951.2234979707296,987.8058744926824,1.0,235.47841457479024
4,3,0.01,41,1000,4010.108643394921,1002.5271608487302,1.0,212.79832682804758
4,3,0.01,42,1000,4349.257998393656,1087.314499598414,1.0,189.48558618637543
4,3,0.01,43,1000,3367.0181056683246,841.7545264170811,1.0,102.02860347413497
4,3,0.01,44,1000,4281.910701221508,1070.477675305377,1.0,158.46010433203153
4,3,0.01,45,1000,4116.144960414616,1029.036240103654,1.0,183.95964991479474
4,3,0.01,46,1000,3676.705030880683,919.1762577201707,1.0,164.90213884896872
4,3,0.01,47,1000,3175.4168435530273,793.8542108882568,1.0,258.5537625360624
4,3,0.01,48,1000,4000.027734692843,1000.0069336732107,1.0,385.17697985048125
4,3,0.01,49,1000,4206.96894249963,1051.7422356249076,1.0,184.9450086272565
4,3,0.05,0,1000,4364.669266143059,1091.1673165357647,1.0,163.82713863897686
4,3,0.05,1,1000,4416.412363734822,1104.1030909337055,1.0,185.23977885711085
4,3,0.05,2,1000,3651.7802614785464,912.9450653696366,1.0,88.70215308642716
4,3,0.05,3,1000,4363.300148317855,1090.8250370794638,1.0,164.95932804280946
4,3,0.05,4,1000,3543.1800572232087,885.7950143058022,1.0,130.48903994838363
4,3,0.05,5,1000,3527.552789299074,881.8881973247685,1.0,132.21362149123348
4,3,0.05,6,1000,4336.327764096063,1084.0819410240158,1.0,184.47820556089818
4,3,0.05,7,1000,4353.937870564801,1088.4844676412004,1.0,173.3039671773089
4,3,0.05,8,1000,4150.807874070713,1037.7019685176783,1.0,214.07371492271812
4,3,0.05,9,1000,4316.640101122513,1079.1600252806284,1.0,171.51660122518885
4,3,0.05,10,1000,4395.514911667315,1098.8787279168287,1.0,196.62197711268408
4,3,0.05,11,1000,4339.363545682369,1084.8408864205921,1.0,183.0544963821837
4,3,0.05,12,1000,4348.8639666182335,1087.2159916545584,1.0,170.53853944400728
4,3,0.05,13,1000,4385.2504315534425,1096.3126078883606,1.0,165.68936308705443
4,3,0.05,14,1000,3544.0488599017935,886.0122149754484,1.0,92.95190200422319
4,3,0.05,15,1000,4390.939979643828,1097.734994910957,1.0,181.51599117456067
4,3,0.05,16,1000,4458.612118867391,1114.6530297168476,1.0,176.78461052705774
4,3,0.05,17,1000,4476.1560706871305,1119.0390176717826,1.0,188.35988583232756
4,3,0.05,18,1000,4115.9743794582255,1028.9935948645564,1.0,112.25724668564665
4,3,0.05,19,1000,4165.916508931019,1041.4791272327548,1.0,322.9169539312103
4,3,0.05,20,1000,4390.622963820342,1097.6557409550855,1.0,193.97343976941013
4,3,0.05,21,1000,3508.6371622996267,877.1592905749067,1.0,123.02355835869486
4,3,0.05,22,1000,4399.232956864748,1099.808239216187,1.0,209.17512582845413
4,3,0.05,23,1000,4315.49362507576,1078.87340626894,1.0,164.52032995479007
4,3,0.05,24,1000,3498.998646290493,874.7496615726233,1.0,104.45574180057116
4,3,0.05,25,1000,4262.189739387729,1065.5474348469322,1.0,103.81408205026078
4,3,0.05,26,1000,4344.307230961462,1086.0768077403654,1.0,179.96724421076624
4,3,0.05,27,1000,3585.1697150959403,896.2924287739851,1.0,112.96156233382298
4,3,0.05,28,1000,3544.411298303902,886.1028245759755,1.0,111.79078063095237
4,3,0.05,29,1000,3545.3735824406876,886.3433956101719,1.0,124.5610554511041
4,3,0.05,30,1000,4476.229462497491,1119.0573656243728,1.0,212.32665125915983
4,3,0.05,31,1000,3544.8304088228188,886.2076022057047,1.0,166.08050210044175
4,3,0.05,32,1000,4385.347100796894,1096.3367751992234,1.0,331.76179319843476
4,3,0.05,33,1000,4022.6062388439714,1005.6515597109928,1.0,87.53135132887823
4,3,0.05,34,1000,3463.8285367491444,865.9571341872861,1.0,103.89728743952803
4,3,0.05,35,1000,4474.259872736738,1118.5649681841844,1.0,169.17110496101736
4,3,0.05,36,1000,4324.4343315182105,1081.1085828795526,1.0,195.212060615219
4,3,0.05,37,1000,4298.448884919385,1074.6122212298462,1.0,176.0867034472433
4,3,0.05,38,1000,3535.456120448158,883.8640301120395,1.0,124.63052719866167
4,3,0.05,39,1000,4374.523461876206,1093.6308654690515,1.0,199.20097009373308
4,3,0.05,40,1000,4308.011593709736,1077.002898427434,1.0,193.6649895863225
4,3,0.05,41,1000,4243.79216706395,1060.9480417659875,1.0,181.93054381780323
4,3,0.05,42,1000,4241.292997265976,1060.323249316494,1.0,154.12826553900388
4,3,0.05,43,1000,4137.256140245647,1034.3140350614117,1.0,177.0950003199261
4,3,0.05,44,1000,3896.0947753418027,974.0236938354507,1.0,72.19632638200747
4,3,0.05,45,1000,4308.211074543489,1077.0527686358723,1.0,172.09442287570718
4,3,0.05,46,1000,4277.0582465672305,1069.2645616418076,1.0,140.4048347727302
4,3,0.05,47,1000,4405.8971159518715,1101.4742789879679,1.0,165.67035913388017
4,3,0.05,48,1000,4204.491432986456,1051.122858246614,1.0,161.85984423022967
4,3,0.05,49,1000,4319.777534905665,1079.9443837264162,1.0,182.60565160759884
4,3,0.1,0,1000,4281.300154646305,1070.3250386615762,1.0,143.18798381726074
4,3,0.1,1,1000,4371.335079119674,1092.8337697799186,1.0,178.01080775088735
4,3,0.1,2,1000,4306.857977751697,1076.7144944379243,1.0,161.05250782994537
4,3,0.1,3,1000,3921.5231058410463,980.3807764602616,1.0,65.33928711160911
4,3,0.1,4,1000,4303.613061279425,1075.9032653198562,1.0,176.21973129887274
4,3,0.1,5,1000,4200.377219121696,1050.094304780424,1.0,152.1460164959806
4,3,0.1,6,1000,3686.300496540644,921.575124135161,1.0,102.83908978975067
4,3,0.1,7,1000,3704.144949525048,926.036237381262,1.0,96.54037270652454
4,3,0.1,8,1000,4266.63829358952,1066.65957339738,1.0,166.62890891154126
4,3,0.1,9,1000,3631.6692757243395,907.9173189310849,1.0,109.04801556358652
4,3,0.1,10,1000,4197.519712151695,1049.3799280379237,1.0,146.67762116974725
4,3,0.1,11,1000,4256.92702153973,1064.2317553849325,1.0,165.24995911837306
4,3,0.1,12,1000,4053.6602563629367,1013.4150640907342,1.0,98.49952978593755
4,3,0.1,13,1000,4297.300798873903,1074.3251997184757,1.0,186.24423548066514
4,3,0.1,14,1000,3675.5607513741106,918.8901878435277,1.0,78.36882283421491
4,3,0.1,15,1000,4325.477627255537,1081.3694068138843,1.0,164.7001308908335
4,3,0.1,16,1000,4341.336891145183,1085.3342227862956,1.0,157.82844044890103
4,3,0.1,17,1000,3634.7137562695925,908.6784390673981,1.0,79.82385939453022
4,3,0.1,18,1000,4024.8438657633283,1006.2109664408321,1.0,141.29602612611205
4,3,0.1,19,1000,4361.495085957518,1090.3737714893796,1.0,168.1106015994583
4,3,0.1,20,1000,3669.8251003988694,917.4562750997173,1.0,100.38152514808996
4,3,0.1,21,1000,3527.3725108626327,881.8431277156582,1.0,137.3880230758428
4,3,0.1,22,1000,4337.376421449332,1084.344105362333,1.0,180.35275174704935
4,3,0.1,23,1000,4317.606452151052,1079.401613037763,1.0,159.7971848874071
4,3,0.1,24,1000,4224.6492981814645,1056.1623245453661,1.0,139.50434067880673
4,3,0.1,25,1000,4333.290437327874,1083.3226093319686,1.0,143.81921737061634
4,3,0.1,26,1000,4310.404914409759,1077.6012286024397,1.0,162.81549657257864
4,3,0.1,27,1000,4317.416093175546,1079.3540232938865,1.0,144.38075009620292
4,3,0.1,28,1000,4332.309206537402,1083.0773016343505,1.0,169.98578089903873
4,3,0.1,29,1000,4188.434102750187,1047.1085256875467,1.0,160.24484548817858
4,3,0.1,30,1000,4346.471617062921,1086.6179042657302,1.0,166.24065301283142
4,3,0.1,31,1000,3570.0340505472323,892.5085126368081,1.0,142.78922345516511
4,3,0.1,32,1000,4401.510877818217,1100.3777194545542,1.0,182.80619009241673
4,3,0.1,33,1000,4348.392996419109,1087.0982491047773,1.0,169.07720457567387
4,3,0.1,34,1000,3860.000986524491,965.0002466311228,1.0,53.13397397312576
4,3,0.1,35,1000,4233.704504572328,1058.426126143082,1.0,215.9270757770974
4,3,0.1,36,1000,3987.179020014988,996.794755003747,1.0,193.54746362722088
4,3,0.1,37,1000,4304.570992245883,1076.1427480614707,1.0,148.3715294968427
4,3,0.1,38,1000,3822.0638297889495,955.5159574472374,1.0,84.10554128261538
4,3,0.1,39,1000,4270.451385948944,1067.612846487236,1.0,176.42442240822177
4,3,0.1,40,1000,4220.794900096094,1055.1987250240236,1.0,148.13310582839748
4,3,0.1,41,1000,4231.200622357955,1057.8001555894887,1.0,171.6457435155195
4,3,0.1,42,1000,4335.377249684712,1083.844312421178,1.0,138.0935805830308
4,3,0.1,43,1000,4324.863371434956,1081.215842858739,1.0,174.00380929019406
4,3,0.1,44,1000,4228.06686897627,1057.0167172440674,1.0,173.3808576552236
4,3,0.1,45,1000,4230.963905266361,1057.7409763165901,1.0,159.78131614672935
4,3,0.1,46,1000,4339.87537515133,1084.9688437878326,1.0,168.84647186352007
4,3,0.1,47,1000,4339.189030284895,1084.7972575712238,1.0,153.44880711135178
4,3,0.1,48,1000,3851.0200711308057,962.7550177827014,1.0,57.64140136948743
4,3,0.1,49,1000,4221.810267154548,1055.452566788637,1.0,162.87673045473528
4,3,0.2,0,1000,4063.72329631121,1015.9308240778025,1.0,108.4008391170681
4,3,0.2,1,1000,3862.9694089628747,965.7423522407187,1.0,52.04588296592333
4,3,0.2,2,1000,4012.9653727274085,1003.2413431818521,1.0,83.25612123272627
4,3,0.2,3,1000,3846.016748388812,961.504187097203,1.0,81.28548256554934
4,3,0.2,4,1000,4120.787819768256,1030.196954942064,1.0,140.97586418462467
4,3,0.2,5,1000,3658.822420377197,914.7056050942992,1.0,96.10306470118722
4,3,0.2,6,1000,3864.983476301155,966.2458690752887,1.0,182.935851007025
4,3,0.2,7,1000,4192.228550946072,1048.057137736518,1.0,105.8945762556617
4,3,0.2,8,1000,4081.659503441033,1020.4148758602582,1.0,123.97634224235378
4,3,0.2,9,1000,3935.582539849167,983.8956349622918,1.0,83.06271685907359
4,3,0.2,10,1000,4130.761376362128,1032.690344090532,1.0,119.70805977799795
4,3,0.2,11,1000,3634.5464183647628,908.6366045911907,1.0,82.76607829429867
4,3,0.2,12,1000,3691.798853415607,922.9497133539018,1.0,90.30808649708396
4,3,0.2,13,1000,3737.4435063023298,934.3608765755824,1.0,44.81049633854646
4,3,0.2,14,1000,3733.325099082881,933.3312747707203,1.0,83.74839307717193
4,3,0.2,15,1000,4285.114624016112,1071.278656004028,1.0,116.08105589511725
4,3,0.2,16,1000,4180.211861234849,1045.0529653087121,1.0,121.3514589661332
4,3,0.2,17,1000,4019.572104857435,1004.8930262143588,1.0,79.8524129343017
4,3,0.2,18,1000,4200.2018723605,1050.050468090125,1.0,150.28943591165557
4,3,0.2,19,1000,4166.662249078388,1041.665562269597,1.0,134.5245206201548
4,3,0.2,20,1000,4112.828127671658,1028.2070319179145,1.0,142.04113947485106
4,3,0.2,21,1000,4181.533960573479,1045.3834901433697,1.0,103.2003727363379
4,3,0.2,22,1000,3937.7063029128053,984.4265757282013,1.0,81.25080864668467
4,3,0.2,23,1000,4110.405287123514,1027.6013217808786,1.0,103.23219429380845
4,3,0.2,24,1000,4132.989602720801,1033.2474006802001,1.0,109.76787945248131
4,3,0.2,25,1000,4041.5817490900736,1010.3954372725184,1.0,93.16781845371628
4,3,0.2,26,1000,4095.586384267435,1023.8965960668587,1.0,119.42270605739125
4,3,0.2,27,1000,4077.056841704947,1019.2642104262368,1.0,106.37777983425978
4,3,0.2,28,1000,3629.37892411546,907.344731028865,1.0,89.71180581348801
4,3,0.2,29,1000,4070.8034912953062,1017.7008728238266,1.0,106.46806589659957
4,3,0.2,30,1000,3842.542336867774,960.6355842169435,1.0,168.69237781888825
4,3,0.2,31,1000,4051.491741945228,1012.872935486307,1.0,163.7560795392337
4,3,0.2,32,1000,3915.116810880587,978.7792027201467,1.0,153.6793946678551
4,3,0.2,33,1000,4159.106454631549,1039.7766136578873,1.0,119.05330977671935
4,3,0.2,34,1000,4103.473902540272,1025.868475635068,1.0,124.51472471447768
4,3,0.2,35,1000,4194.086554607883,1048.5216386519708,1.0,132.30827076240098
4,3,0.2,36,1000,4049.4662528032586,1012.3665632008147,1.0,89.77301183319284
4,3,0.2,37,1000,4222.59600614081,1055.6490015352024,1.0,132.6311018405956
4,3,0.2,38,1000,4167.552279346855,1041.8880698367138,1.0,102.07450864617653
4,3,0.2,39,1000,4177.253292566153,1044.3133231415381,1.0,130.97702825486397
4,3,0.2,40,1000,4006.7847311675114,1001.6961827918778,1.0,129.40838812691175
4,3,0.2,41,1000,3795.0747455900464,948.7686863975116,1.0,80.15153988310776
4,3,0.2,42,1000,3957.371655393316,989.342913848329,1.0,65.11225568621487
4,3,0.2,43,1000,4115.252642582293,1028.8131606455734,1.0,123.97619132538573
4,3,0.2,44,1000,3736.7736365118944,934.1934091279736,1.0,97.80358209037173
4,3,0.2,45,1000,3821.358237996067,955.3395594990168,1.0,75.58018698595131
4,3,0.2,46,1000,3775.777313060787,943.9443282651968,1.0,122.19507815753211
4,3,0.2,47,1000,4165.292259232558,1041.3230648081394,1.0,119.20888205515978
4,3,0.2,48,1000,3731.345260983627,932.8363152459068,1.0,111.7649856758541
4,3,0.2,49,1000,4081.4499469765346,1020.3624867441337,1.0,143.248714695304
4,3,0.3,0,1000,3994.38666434054,998.596666085135,1.0,100.78885802881095
4,3,0.3,1,1000,3989.7688759792454,997.4422189948114,1.0,102.25524129341649
4,3,0.3,2,1000,4039.368887359452,1009.842221839863,1.0,110.90465743390479
4,3,0.3,3,1000,4102.494626139698,1025.6236565349245,1.0,108.18376104664628
4,3,0.3,4,1000,3834.6159663330372,958.6539915832593,1.0,81.31494998058568
4,3,0.3,5,1000,4079.2635769414464,1019.8158942353616,1.0,117.13857547200514
4,3,0.3,6,1000,3667.604088211093,916.9010220527732,1.0,133.7046378459535
4,3,0.3,7,1000,3707.613292093871,926.9033230234678,1.0,80.96261348123264
4,3,0.3,8,1000,3785.655174454851,946.4137936137128,1.0,73.71471904512242
4,3,0.3,9,1000,3828.1347098090564,957.0336774522641,1.0,81.54595194184031
4,3,0.3,10,1000,4020.796934346597,1005.1992335866493,1.0,96.28146037638419
4,3,0.3,11,1000,3938.272222558689,984.5680556396723,1.0,107.38535010995164
4,3,0.3,12,1000,3807.194480958612,951.798620239653,1.0,59.61247596959454
4,3,0.3,13,1000,3796.046702008231,949.0116755020578,1.0,93.4081406025652
4,3,0.3,14,1000,4041.123030552747,1010.2807576381867,1.0,75.08174347444296
4,3,0.3,15,1000,3959.4985168460553,989.8746292115138,1.0,58.11378747347462
4,3,0.3,16,1000,3624.2342742626315,906.0585685656579,1.0,104.57910776092147
4,3,0.3,17,1000,3868.6413614498697,967.1603403624674,1.0,113.83226005405149
4,3,0.3,18,1000,3826.977404820847,956.7443512052117,1.0,102.10938233264932
4,3,0.3,19,1000,4029.9497786004176,1007.4874446501044,1.0,90.82915590938485
4,3,0.3,20,1000,4099.449847965539,1024.8624619913849,1.0,115.58611665894176
4,3,0.3,21,1000,3523.470568264277,880.8676420660693,1.0,98.52607993130212
4,3,0.3,22,1000,3636.7928188831957,909.1982047207989,1.0,62.929915087071514
4,3,0.3,23,1000,3697.4197384660556,924.3549346165139,1.0,79.7398262079338
4,3,0.3,24,1000,4044.3901626421525,1011.0975406605381,1.0,128.4088265860461
4,3,0.3,25,1000,3706.871676141346,926.7179190353365,1.0,145.21024460679405
4,3,0.3,26,1000,4077.966110851017,1019.4915277127543,1.0,96.74081783383205
4,3,0.3,27,1000,3745.687994369294,936.4219985923235,1.0,131.60464803920704
4,3,0.3,28,1000,3953.863946356404,988.465986589101,1.0,108.8530247941683
4,3,0.3,29,1000,4093.127407853576,1023.281851963394,1.0,102.58978015558384
4,3,0.3,30,1000,3764.8998910014343,941.2249727503586,1.0,79.2822400160709
4,3,0.3,31,1000,4106.878546554862,1026.7196366387154,1.0,117.67989592327265
4,3,0.3,32,1000,4058.476433883913,1014.6191084709783,1.0,116.57166888079043
4,3,0.3,33,1000,4139.0191323836525,1034.7547830959131,1.0,119.16246184912933
4,3,0.3,34,1000,3649.6847919564175,912.4211979891044,1.0,57.810177929439206
4,3,0.3,35,1000,4187.581870050791,1046.8954675126977,1.0,102.95706486399544
4,3,0.3,36,1000,3729.9258220674137,932.4814555168534,1.0,46.809486218538495
4,3,0.3,37,1000,3799.6128753325556,949.9032188331389,1.0,103.57159475478981
4,3,0.3,38,1000,3986.4976199780413,996.6244049945103,1.0,107.97372856685342
4,3,0.3,39,1000,3709.4766006932027,927.3691501733007,1.0,56.403165017269906
4,3,0.3,40,1000,3750.5457583127686,937.6364395781922,1.0,56.16395598543267
4,3,0.3,41,1000,3874.810925328675,968.7027313321687,1.0,67.52475164280291
4,3,0.3,42,1000,4073.759370413322,1018.4398426033305,1.0,93.24374574198846
4,3,0.3,43,1000,3986.481785495929,996.6204463739823,1.0,113.1973509937492
4,3,0.3,44,1000,3671.0401600917703,917.7600400229426,1.0,93.72491860508393
4,3,0.3,45,1000,3842.075341239795,960.5188353099487,1.0,58.52457281266883
4,3,0.3,46,1000,3751.96485109808,937.99121277452,1.0,68.53499838120165
4,3,0.3,47,1000,3880.45583194601,970.1139579865026,1.0,112.04104456506356
4,3,0.3,48,1000,3679.9919206350105,919.9979801587526,1.0,108.49613431493421
4,3,0.3,49,1000,4062.3530762917544,1015.5882690729386,1.0,95.3351531815817
6,3,0.0,0,1000,982.6178422859954,163.76964038099922,1.0,0.0
6,3,0.0,1,1000,1966.5232744444666,327.75387907407776,1.0,0.0
6,3,0.0,2,1000,1006.3195903036086,167.7199317172681,1.0,0.0
6,3,0.0,3,1000,1032.9186226493055,172.15310377488424,1.0,0.0
6,3,0.0,4,1000,999.8707691271495,166.64512818785826,1.0,0.0
6,3,0.0,5,1000,990.9669011004244,165.16115018340406,1.0,0.0
6,3,0.0,6,1000,1946.2163770030552,324.36939616717586,1.0,0.0
6,3,0.0,7,1000,997.8496209030035,166.3082701505006,1.0,0.0
6,3,0.0,8,1000,989.6250678053435,164.93751130089058,1.0,0.0
6,3,0.0,9,1000,987.7073486296105,164.6178914382684,1.0,0.0
6,3,0.0,10,1000,986.1933231211816,164.36555385353026,1.0,0.0
6,3,0.0,11,1000,985.1587515535368,164.1931252589228,1.0,0.0
6,3,0.0,12,1000,1009.2128521186157,168.2021420197693,1.0,0.0
6,3,0.0,13,1000,1043.8362732718272,173.97271221197119,1.0,0.0
6,3,0.0,14,1000,2016.6808490336164,336.11347483893604,1.0,0.0
6,3,0.0,15,1000,1029.747093637056,171.624515606176,1.0,0.0
6,3,0.0,16,1000,1013.4115096155075,168.90191826925124,1.0,0.0
6,3,0.0,17,1000,993.3353351283934,165.55588918806555,1.0,0.0
6,3,0.0,18,1000,1997.4603182183773,332.9100530363962,1.0,0.0
6,3,0.0,19,1000,984.3630724419927,164.06051207366545,1.0,0.0
6,3,0.0,20,1000,1022.0468717945267,170.3411452990878,1.0,0.0
6,3,0.0,21,1000,1021.0310299704407,170.17183832840678,1.0,0.0
6,3,0.0,22,1000,1016.3601196315254,169.39335327192092,1.0,0.0
6,3,0.0,23,1000,992.4789243650124,165.4131540608354,1.0,0.0
6,3,0.0,24,1000,1057.838035917397,176.30633931956618,1.0,0.0
6,3,0.0,25,1000,1010.7895498375925,168.4649249729321,1.0,0.0
6,3,0.0,26,1000,1009.6168704329261,168.2694784054877,1.0,0.0
6,3,0.0,27,1000,1005.9725583025869,167.66209305043114,1.0,0.0
6,3,0.0,28,1000,965.7849753517906,160.96416255863178,1.0,0.0
6,3,0.0,29,1000,1972.9616309795388,328.8269384965898,1.0,0.0
6,3,0.0,30,1000,1980.515059955577,330.0858433259295,1.0,0.0
6,3,0.0,31,1000,1056.0755655688279,176.01259426147132,1.0,0.0
6,3,0.0,32,1000,978.4384719983206,163.07307866638675,1.0,0.0
6,3,0.0,33,1000,964.3574602972899,160.72624338288165,1.0,0.0
6,3,0.0,34,1000,996.1754810360161,166.02924683933603,1.0,0.0
6,3,0.0,35,1000,2013.7274736934933,335.6212456155822,1.0,0.0
6,3,0.0,36,1000,950.828297705661,158.4713829509435,1.0,0.0
6,3,0.0,37,1000,899.930511597099,149.9884185995165,1.0,0.0
6,3,0.0,38,1000,976.7929431337022,162.79882385561703,1.0,0.0
6,3,0.0,39,1000,979.6436391505456,163.27393985842426,1.0,0.0
6,3,0.0,40,1000,997.9739084220604,166.32898473701007,1.0,0.0
6,3,0.0,41,1000,1044.7388257899408,174.12313763165682,1.0,0.0
6,3,0.0,42,1000,971.2117746947571,161.86862911579286,1.0,0.0
6,3,0.0,43,1000,1961.145996544047,326.8576660906745,1.0,0.0
6,3,0.0,44,1000,1010.6046607233662,168.43411012056103,1.0,0.0
6,3,0.0,45,1000,1040.9014866921227,173.4835811153538,1.0,0.0
6,3,0.0,46,1000,1979.854360823843,329.9757268039738,1.0,0.0
6,3,0.0,47,1000,953.7877614664303,158.96462691107172,1.0,0.0
6,3,0.0,48,1000,948.1479711131785,158.02466185219643,1.0,0.0
6,3,0.0,49,1000,1006.3415894301528,167.7235982383588,1.0,0.0
6,3,0.01,0,1000,4339.637004404638,723.2728340674397,1.0,106.44672131767766
6,3,0.01,1,1000,3924.5047317179497,654.0841219529916,1.0,90.77342399691655
6,3,0.01,2,1000,4212.695587670407,702.1159312784011,1.0,111.0110940783214
6,3,0.01,3,1000,4196.986079644724,699.4976799407873,1.0,232.40752757140743
6,3,0.01,4,1000,4103.452342623328,683.9087237705547,1.0,101.9601142075199
6,3,0.01,5,1000,4384.998589065656,730.8330981776094,1.0,84.74816062704168
6,3,0.01,6,1000,4422.6269611983025,737.1044935330505,1.0,169.61076831303993
6,3,0.01,7,1000,3835.6778754957036,639.2796459159506,1.0,193.13407635554046
6,3,0.01,8,1000,4359.971807417016,726.661967902836,1.0,153.23902359136886
6,3,0.01,9,1000,4508.484605000655,751.4141008334426,1.0,128.46125831958176
6,3,0.01,10,1000,4257.717425130969,709.6195708551614,1.0,85.58691389657159
6,3,0.01,11,1000,4201.417316620374,700.2362194367289,1.0,128.51091642704299
6,3,0.01,12,1000,4125.729436052751,687.6215726754585,1.0,87.88053832577702
6,3,0.01,13,1000,4367.138165592513,727.8563609320855,1.0,82.34501145407535
6,3,0.01,14,1000,4047.2670593023654,674.5445098837275,1.0,103.45641281041837
6,3,0.01,15,1000,3399.252505258734,566.542084209789,1.0,72.81362675359495
6,3,0.01,16,1000,4567.40112545615,761.2335209093584,1.0,139.4762884116252
6,3,0.01,17,1000,4311.106300142699,718.5177166904499,1.0,137.9133598755103
6,3,0.01,18,1000,4398.961968347423,733.1603280579038,1.0,135.11938975740495
6,3,0.01,19,1000,4341.86035496778,723.64339249463,1.0,77.63329065020696
6,3,0.01,20,1000,4323.454463815805,720.5757439693008,1.0,87.93333389924528
6,3,0.01,21,1000,4290.231117975373,715.0385196625622,1.0,115.36761382124146
6,3,0.01,22,1000,4443.417026023911,740.5695043373184,1.0,101.1510830294026
6,3,0.01,23,1000,3599.5645039155447,599.9274173192574,1.0,93.91303993653658
6,3,0.01,24,1000,3995.6904705935426,665.9484117655904,1.0,132.66609362494202
6,3,0.01,25,1000,4145.080943210923,690.8468238684871,1.0,215.30470425137534
6,3,0.01,26,1000,3455.8519629533093,575.9753271588849,1.0,83.1347078232743
6,3,0.01,27,1000,3302.7938869737163,550.4656478289527,1.0,109.75228180190133
6,3,0.01,28,1000,4413.608928938351,735.6014881563918,1.0,128.20174014706834
6,3,0.01,29,1000,4055.2872984728715,675.8812164121452,1.0,94.15768599069666
6,3,0.01,30,1000,4300.889948574813,716.8149914291356,1.0,148.21380390554882
6,3,0.01,31,1000,3421.6904750131685,570.2817458355281,1.0,139.39851916794422
6,3,0.01,32,1000,4533.531357000675,755.5885595001124,1.0,104.0766205832433
6,3,0.01,33,1000,4464.9032182475175,744.1505363745863,1.0,97.45700465535609
6,3,0.01,34,1000,4087.594438774305,681.2657397957175,1.0,91.6248347668034
6,3,0.01,35,1000,4196.26198071846,699.37699678641,1.0,88.3637618636499
6,3,0.01,36,1000,4370.0258728046,728.3376454674334,1.0,100.2706555878815
6,3,0.01,37,1000,4359.696407306643,726.6160678844404,1.0,94.38224956994662
6,3,0.01,38,1000,3643.3398057023956,607.2233009503992,1.0,145.8755869126805
6,3,0.01,39,1000,4519.066382714767,753.1777304524612,1.0,112.76003109892983
6,3,0.01,40,1000,4255.685323695695,709.2808872826158,1.0,130.7168323896564
6,3,0.01,41,1000,4365.098364051914,727.5163940086524,1.0,85.52956467660243
6,3,0.01,42,1000,3505.1277042185206,584.1879507030868,1.0,88.26362276575982
6,3,0.01,43,1000,4258.513716928767,709.7522861547945,1.0,84.27233149923428
6,3,0.01,44,1000,4419.519908790131,736.5866514650219,1.0,114.30894572358778
6,3,0.01,45,1000,3401.716919231607,566.9528198719345,1.0,97.18336324283084
6,3,0.01,46,1000,4385.38049122589,730.8967485376484,1.0,94.83616593853338
6,3,0.01,47,1000,3381.1434097704764,563.5239016284128,1.0,89.06769605359409
6,3,0.01,48,1000,3642.7653372977675,607.1275562162946,1.0,102.55876278898923
6,3,0.01,49,1000,4348.5279872387355,724.7546645397892,1.0,138.67764557342986
6,3,0.05,0,1000,4407.14919737636,734.5248662293933,1.0,84.1887150797267
6,3,0.05,1,1000,4498.976642103769,749.8294403506283,1.0,92.83705882231754
6,3,0.05,2,1000,4493.045800210944,748.8409667018241,1.0,118.70284312712256
6,3,0.05,3,1000,4464.152118771404,744.0253531285674,1.0,98.06508406314981
6,3,0.05,4,1000,4415.381288557074,735.896881426179,1.0,118.57876941383377
6,3,0.05,5,1000,4410.420199481724,735.070033246954,1.0,80.90092055308055
6,3,0.05,6,1000,4473.223412818343,745.5372354697238,1.0,82.2863129308176
6,3,0.05,7,1000,4492.59456410391,748.7657606839849,1.0,95.24774403755397
6,3,0.05,8,1000,4426.051752227399,737.6752920378999,1.0,62.95629394289782
6,3,0.05,9,1000,4265.699118836959,710.9498531394933,1.0,46.231259091301304
6,3,0.05,10,1000,4463.0294881899845,743.8382480316641,1.0,86.36518320672201
6,3,0.05,11,1000,4429.933123646121,738.3221872743535,1.0,109.44229305914497
6,3,0.05,12,1000,4493.138560448027,748.8564267413379,1.0,99.77277651663073
6,3,0.05,13,1000,4436.823011853116,739.4705019755194,1.0,68.62344775348883
6,3,0.05,14,1000,4493.474154005119,748.9123590008531,1.0,91.74560769208512
6,3,0.05,15,1000,4527.382976664556,754.5638294440927,1.0,102.49825779958424
6,3,0.05,16,1000,4504.015421929135,750.6692369881893,1.0,85.42208496396535
6,3,0.05,17,1000,4168.200000905329,694.7000001508882,1.0,69.29134182825139
6,3,0.05,18,1000,4351.1239002599295,725.1873167099883,1.0,158.27603546066953
6,3,0.05,19,1000,4428.901355777549,738.1502259629248,1.0,88.96863624222516
6,3,0.05,20,1000,4436.0241114350165,739.337351905836,1.0,93.11316741751845
6,3,0.05,21,1000,4455.537572928152,742.5895954880253,1.0,90.11328343241757
6,3,0.05,22,1000,4350.158632517462,725.0264387529104,1.0,87.32119907208057
6,3,0.05,23,1000,4320.78305620136,720.1305093668933,1.0,77.83460868275894
6,3,0.05,24,1000,4387.974672713498,731.3291121189163,1.0,81.81968583225775
6,3,0.05,25,1000,4061.9408859628197,676.9901476604699,1.0,135.6470738762239
6,3,0.05,26,1000,4409.556615542554,734.9261025904257,1.0,86.22172362935
6,3,0.05,27,1000,4361.732377489364,726.9553962482273,1.0,76.75242264840283
6,3,0.05,28,1000,4383.661077878157,730.6101796463595,1.0,123.83229797955046
6,3,0.05,29,1000,4446.743519227327,741.1239198712211,1.0,93.25881791874723
6,3,0.05,30,1000,4560.723944248472,760.1206573747454,1.0,96.90160711966527
6,3,0.05,31,1000,4325.089988336453,720.8483313894088,1.0,75.30996967166094
6,3,0.05,32,1000,4447.9356006469225,741.3226001078204,1.0,99.11154642343551
6,3,0.05,33,1000,4455.253304120904,742.542217353484,1.0,92.30696015381943
6,3,0.05,34,1000,3602.2153872020895,600.3692312003483,1.0,68.69271528141036
6,3,0.05,35,1000,4555.567012636068,759.261168772678,1.0,86.72925345487148
6,3,0.05,36,1000,4448.401344490866,741.400224081811,1.0,81.28949116271647
6,3,0.05,37,1000,4459.013492530769,743.1689154217948,1.0,90.88248070096634
6,3,0.05,38,1000,4310.253192806404,718.3755321344006,1.0,99.76064932333135
6,3,0.05,39,1000,4303.674099209869,717.2790165349783,1.0,89.08735460323584
6,3,0.05,40,1000,4408.8383075249985,734.8063845874998,1.0,90.55684718968259
6,3,0.05,41,1000,4452.507041802573,742.0845069670955,1.0,80.11357443108817
6,3,0.05,42,1000,4436.670379734637,739.4450632891062,1.0,91.03823137896113
6,3,0.05,43,1000,4314.360732355774,719.0601220592957,1.0,82.58487445751508
6,3,0.05,44,1000,4313.733309839709,718.9555516399515,1.0,59.973655856426134
6,3,0.05,45,1000,4482.73169472524,747.1219491208734,1.0,108.85070550037668
6,3,0.05,46,1000,4439.331679870877,739.888613311813,1.0,78.47954533381169
6,3,0.05,47,1000,4348.264394212162,724.7107323686937,1.0,80.98684247631955
6,3,0.05,48,1000,4399.494689641731,733.2491149402886,1.0,118.62070018633368
6,3,0.05,49,1000,4322.9646512005,720.4941085334167,1.0,105.6744775728449
6,3,0.1,0,1000,4409.449629911522,734.9082716519202,1.0,67.66758166083365
6,3,0.1,1,1000,4389.460512700874,731.5767521168123,1.0,70.740077098809
6,3,0.1,2,1000,4426.517906796405,737.7529844660676,1.0,63.82599290002564
6,3,0.1,3,1000,4356.573446314168,726.0955743856947,1.0,61.7691709228175
6,3,0.1,4,1000,4426.955193121171,737.8258655201952,1.0,67.16868412054744
6,3,0.1,5,1000,4424.142282502564,737.3570470837607,1.0,74.65063507501797
6,3,0.1,6,1000,4446.977608291926,741.1629347153211,1.0,57.862811097922865
6,3,0.1,7,1000,4454.7560046804465,742.4593341134077,1.0,97.14224051168684
6,3,0.1,8,1000,4346.819918472906,724.4699864121509,1.0,69.7598368260567
6,3,0.1,9,1000,4467.5290228705235,744.5881704784206,1.0,54.15095702089258
6,3,0.1,10,1000,4437.75615605125,739.6260260085418,1.0,72.56374067303625
6,3,0.1,11,1000,4422.7393888995575,737.1232314832596,1.0,77.07736441779262
6,3,0.1,12,1000,4479.866768973131,746.6444614955218,1.0,77.46372495943614
6,3,0.1,13,1000,4360.749488599358,726.7915814332264,1.0,70.3400529446667
6,3,0.1,14,1000,4451.8870365656,741.9811727609334,1.0,86.02707197018572
6,3,0.1,15,1000,4506.673854923909,751.1123091539848,1.0,64.21019991752945
6,3,0.1,16,1000,4493.1702023498,748.8617003916333,1.0,84.82995834301899
6,3,0.1,17,1000,4398.247507542115,733.0412512570192,1.0,77.1412890121436
6,3,0.1,18,1000,4377.31470934098,729.55245155683,1.0,178.96747184523727
6,3,0.1,19,1000,4448.708534562778,741.4514224271297,1.0,90.39655114287888
6,3,0.1,20,1000,4372.59717369037,728.7661956150617,1.0,49.240534715273746
6,3,0.1,21,1000,4366.410649856625,727.7351083094376,1.0,90.2049410361584
6,3,0.1,22,1000,4402.088240021341,733.6813733368903,1.0,50.26203822777859
6,3,0.1,23,1000,4386.063267099,731.0105445165,1.0,59.96251494080244
6,3,0.1,24,1000,4428.904677929333,738.1507796548889,1.0,88.70984458909638
6,3,0.1,25,1000,4406.904085216187,734.4840142026978,1.0,88.43754800654372
6,3,0.1,26,1000,4426.989399987606,737.8315666646009,1.0,71.14142781508934
6,3,0.1,27,1000,4467.099313100975,744.516552183496,1.0,84.97574488567983
6,3,0.1,28,1000,4418.522963066249,736.4204938443748,1.0,63.46196890016835
6,3,0.1,29,1000,4402.596611847873,733.7661019746455,1.0,59.33955638480512
6,3,0.1,30,1000,4465.9999226474,744.3333204412334,1.0,72.85464479091246
6,3,0.1,31,1000,4322.691908214626,720.4486513691044,1.0,70.41646839952934
6,3,0.1,32,1000,4430.050534625791,738.3417557709653,1.0,82.6379819271745
6,3,0.1,33,1000,4426.534503669388,737.7557506115646,1.0,69.26817361511837
6,3,0.1,34,1000,4484.229545594617,747.3715909324361,1.0,97.73670715096569
6,3,0.1,35,1000,4436.229187630335,739.3715312717226,1.0,66.97833844213898
6,3,0.1,36,1000,4215.681845045492,702.6136408409153,1.0,58.29558831898625
6,3,0.1,37,1000,4393.129864266986,732.1883107111644,1.0,70.78818809454788
6,3,0.1,38,1000,4336.813215316065,722.8022025526775,1.0,67.7591384276911
6,3,0.1,39,1000,4451.6139197667735,741.9356532944622,1.0,68.79681363106081
6,3,0.1,40,1000,4474.982782897332,745.830463816222,1.0,66.52273060067255
6,3,0.1,41,1000,4438.650351872985,739.7750586454976,1.0,77.76220872365711
6,3,0.1,42,1000,4357.027087187579,726.1711811979299,1.0,67.87203405012802
6,3,0.1,43,1000,4397.85710435275,732.9761840587917,1.0,163.01582302394425
6,3,0.1,44,1000,4435.485054300423,739.2475090500706,1.0,53.20834822193364
6,3,0.1,45,1000,4416.09493853944,736.0158230899066,1.0,62.3506059599013
6,3,0.1,46,1000,4412.73170793861,735.4552846564351,1.0,76.14441411429297
6,3,0.1,47,1000,4425.1412556168225,737.5235426028038,1.0,75.18339759819968
6,3,0.1,48,1000,4480.2827838537105,746.7137973089517,1.0,95.592018615487
6,3,0.1,49,1000,4374.784341263436,729.1307235439059,1.0,54.807213756546595
6,3,0.2,0,1000,4354.235632656037,725.7059387760061,1.0,36.02917633261149
6,3,0.2,1,1000,4372.776015521291,728.7960025868819,1.0,42.453597500424834
6,3,0.2,2,1000,4396.957109057547,732.8261848429246,1.0,45.991087572094685
6,3,0.2,3,1000,4412.037762582717,735.3396270971194,1.0,48.89612808051915
6,3,0.2,4,1000,4316.987707972389,719.4979513287316,1.0,43.074775741584304
6,3,0.2,5,1000,4492.219535319856,748.7032558866426,1.0,45.93053736484274
6,3,0.2,6,1000,4304.4774088838985,717.4129014806498,1.0,39.84901002167126
6,3,0.2,7,1000,4428.024950077577,738.0041583462629,1.0,43.976076847532205
6,3,0.2,8,1000,4393.308883709765,732.2181472849608,1.0,34.34433098415227
6,3,0.2,9,1000,4391.111792438372,731.8519654063953,1.0,42.14702132021349
6,3,0.2,10,1000,4221.226015229777,703.5376692049628,1.0,26.77641585402316
6,3,0.2,11,1000,4388.821835048467,731.4703058414111,1.0,42.66611288627836
6,3,0.2,12,1000,4339.0285328803,723.1714221467167,1.0,31.990944820713423
6,3,0.2,13,1000,4434.62479066888,739.1041317781468,1.0,51.98669737533689
6,3,0.2,14,1000,4372.817582175559,728.8029303625932,1.0,33.30175641613456
6,3,0.2,15,1000,4338.246098094977,723.0410163491629,1.0,36.443768409700844
6,3,0.2,16,1000,4397.847369223147,732.9745615371912,1.0,31.749342431086458
6,3,0.2,17,1000,4266.701239289312,711.1168732148853,1.0,38.99667895498277
6,3,0.2,18,1000,4310.111419271545,718.3519032119242,1.0,29.94103792340804
6,3,0.2,19,1000,4362.206174155835,727.0343623593058,1.0,51.73674736451629
6,3,0.2,20,1000,4398.421063864346,733.0701773107244,1.0,31.03991652171159
6,3,0.2,21,1000,4338.277252846295,723.0462088077157,1.0,22.329560196519758
6,3,0.2,22,1000,4300.942252601042,716.8237087668404,1.0,37.35377971218842
6,3,0.2,23,1000,4405.095543772559,734.1825906287598,1.0,47.91332175206587
6,3,0.2,24,1000,4425.751808902278,737.625301483713,1.0,45.079614338939635
6,3,0.2,25,1000,4349.492642629222,724.9154404382037,1.0,40.13695791556488
6,3,0.2,26,1000,4272.249163015442,712.0415271692403,1.0,42.22710835799705
6,3,0.2,27,1000,4384.086955182001,730.681159197,1.0,51.29090014072597
6,3,0.2,28,1000,4368.536114752872,728.089352458812,1.0,41.777582748067616
6,3,0.2,29,1000,4338.513072737125,723.0855121228542,1.0,30.230861521663993
6,3,0.2,30,1000,4437.478429727971,739.5797382879952,1.0,50.850517275512765
6,3,0.2,31,1000,4313.306498507023,718.8844164178372,1.0,50.814709002142145
6,3,0.2,32,1000,4338.325675249674,723.0542792082789,1.0,26.633834087834835
6,3,0.2,33,1000,4282.987311185767,713.8312185309611,1.0,38.14601239866046
6,3,0.2,34,1000,4422.484421968017,737.0807369946696,1.0,45.5461211512998
6,3,0.2,35,1000,4399.314346329675,733.2190577216124,1.0,43.80983769811138
6,3,0.2,36,1000,4420.936708325287,736.8227847208813,1.0,38.98596798148066
6,3,0.2,37,1000,4318.924936599065,719.8208227665109,1.0,37.481665492763675
6,3,0.2,38,1000,4446.506669114763,741.0844448524605,1.0,52.40489478669111
6,3,0.2,39,1000,4409.235727000024,734.8726211666707,1.0,51.050208188526724
6,3,0.2,40,1000,4299.463125146671,716.5771875244451,1.0,31.01845564351721
6,3,0.2,41,1000,4463.024708255731,743.8374513759551,1.0,30.63100386354022
6,3,0.2,42,1000,4306.756348576806,717.792724762801,1.0,29.129439024157147
6,3,0.2,43,1000,4419.584891605427,736.5974819342379,1.0,46.20860720139742
6,3,0.2,44,1000,4309.115534124429,718.1859223540715,1.0,41.991772950525565
6,3,0.2,45,1000,4451.807988953044,741.9679981588406,1.0,52.712178242478
6,3,0.2,46,1000,4369.855575301699,728.3092625502832,1.0,61.16166640051857
6,3,0.2,47,1000,4364.9995054789215,727.4999175798202,1.0,45.117115936521365
6,3,0.2,48,1000,4375.409572210505,729.2349287017508,1.0,44.647643927290666
6,3,0.2,49,1000,4411.981475070857,735.3302458451429,1.0,39.79569628061128
6,3,0.3,0,1000,4236.033248122567,706.0055413537611,1.0,17.94628269194462
6,3,0.3,1,1000,4310.280107096678,718.3800178494463,1.0,15.09590203627055
6,3,0.3,2,1000,4430.88045773661,738.480076289435,1.0,27.38336500182699
6,3,0.3,3,1000,4420.596003066626,736.7660005111043,1.0,18.54534395034952
6,3,0.3,4,1000,4263.545119082156,710.5908531803593,1.0,19.42859577916109
6,3,0.3,5,1000,4404.5030487039,734.0838414506501,1.0,20.149649010338887
6,3,0.3,6,1000,4265.7329563193525,710.955492719892,1.0,27.350024625688054
6,3,0.3,7,1000,4362.012343777657,727.0020572962762,1.0,19.699725532350662
6,3,0.3,8,1000,4343.611794500267,723.9352990833778,1.0,20.710162807122554
6,3,0.3,9,1000,4293.0247580863725,715.5041263477287,1.0,22.061194698000737
6,3,0.3,10,1000,4251.595752953216,708.5992921588694,1.0,34.01733574204674
6,3,0.3,11,1000,4230.837291499161,705.1395485831936,1.0,10.290846273086727
6,3,0.3,12,1000,4338.449926838272,723.0749878063788,1.0,13.210927620172036
6,3,0.3,13,1000,4272.407126575152,712.0678544291919,1.0,23.46520727424335
6,3,0.3,14,1000,4347.00543493536,724.5009058225601,1.0,12.084582326477541
6,3,0.3,15,1000,4422.118640705268,737.019773450878,1.0,32.15088542161212
6,3,0.3,16,1000,4296.3390527600095,716.056508793335,1.0,32.29875117988126
6,3,0.3,17,1000,4333.1661112212605,722.1943518702101,1.0,25.03249078690525
6,3,0.3,18,1000,4238.139947169478,706.3566578615796,1.0,9.586212875834404
6,3,0.3,19,1000,4232.458109254932,705.4096848758221,1.0,16.021308625615575
6,3,0.3,20,1000,4256.842528574563,709.4737547624272,1.0,22.83313315087755
6,3,0.3,21,1000,4353.782321676183,725.6303869460304,1.0,17.424813191238393
6,3,0.3,22,1000,4311.681971404655,718.6136619007758,1.0,23.829599965522434
6,3,0.3,23,1000,4272.5650817373025,712.0941802895504,1.0,15.096045138763069
6,3,0.3,24,1000,4257.537337843122,709.5895563071871,1.0,20.953364542237487
6,3,0.3,25,1000,4293.668126740627,715.6113544567711,1.0,33.91517483794518
6,3,0.3,26,1000,4323.401453735806,720.5669089559677,1.0,4.790184378378244
6,3,0.3,27,1000,4287.4677376843365,714.5779562807228,1.0,11.46701893729822
6,3,0.3,28,1000,4300.362353860948,716.7270589768247,1.0,30.452158233757757
6,3,0.3,29,1000,4379.3673533028,729.8945588838001,1.0,12.54812566037558
6,3,0.3,30,1000,4344.944958841334,724.1574931402223,1.0,12.092440308358473
6,3,0.3,31,1000,4197.011574842039,699.5019291403399,1.0,15.62058381098033
6,3,0.3,32,1000,4351.890614915331,725.3151024858885,1.0,34.82205398564582
6,3,0.3,33,1000,4341.6863900184435,723.6143983364072,1.0,24.448528375482724
6,3,0.3,34,1000,4254.9626668176215,709.1604444696036,1.0,18.381443007057115
6,3,0.3,35,1000,4250.711257702963,708.4518762838271,1.0,11.784786515847031
6,3,0.3,36,1000,4391.571699817219,731.9286166362032,1.0,21.547185251690717
6,3,0.3,37,1000,4342.241642865191,723.7069404775319,1.0,28.865371595007566
6,3,0.3,38,1000,4434.961214685825,739.1602024476375,1.0,16.118385690189676
6,3,0.3,39,1000,4266.934147767607,711.1556912946012,1.0,28.961755713486845
6,3,0.3,40,1000,4249.03809479289,708.173015798815,1.0,17.022644406084808
6,3,0.3,41,1000,4296.291930425935,716.0486550709892,1.0,19.086721621937187
6,3,0.3,42,1000,4313.82318957392,718.9705315956534,1.0,31.709427741973833
6,3,0.3,43,1000,4343.490530102851,723.9150883504752,1.0,36.11670210203976
6,3,0.3,44,1000,4419.747223804659,736.6245373007765,1.0,39.002218620747655
6,3,0.3,45,1000,4343.122371137397,723.8537285228995,1.0,29.526058779804963
6,3,0.3,46,1000,4333.265498758317,722.2109164597196,1.0,14.712084892406347
6,3,0.3,47,1000,4334.382664982847,722.3971108304745,1.0,23.409291887364684
6,3,0.3,48,1000,4272.917309595462,712.152884932577,1.0,25.960906565300487
6,3,0.3,49,1000,4296.022509706401,716.0037516177335,1.0,24.441396862927807
