agent_0,agent_1,agent_2
0.4622604454152636,0.4622604454152636,0.4622604454152636
0.7509318051047527,0.7509318051047527,3.5249344083517937
3.212513852179756,0.5996775283213306,0.4507896764099686
0.8542278168184991,-0.2731639279767535,0.8542278168184991
1.907317475367352,1.5350847220325508,1.1544984373491465
0.0464422368105713,0.0464422368105713,1.7833857472802843
0.9362209169412713,1.503650756839892,3.142986249481304
0.80383270003133,-0.954620735947201,0.80383270003133
3.011267632139498,-0.9558360949952602,0.11894345070128276
3.1466705083119564,0.8733730474094169,0.8733730474094169
-0.4694680801137099,1.7016474880311403,-1.180431279126831
1.4628132608697293,0.6041980361510296,0.6041980361510296
0.584311994222236,0.584311994222236,0.584311994222236
1.3738985472481637,1.585282122792361,0.3883392183760893
0.38462743215838097,0.38462743215838097,0.38462743215838097
1.245862633939709,0.18972799081266134,0.18972799081266134
1.2347145270550388,1.2347145270550388,1.6865366884492836
1.8437662203014566,2.5710279274786063,1.3232389510640163
1.2052448300864536,3.9856489389614524,1.4496621716162403
0.7541863087710101,1.8715058603810169,0.7541863087710101
3.3676251022122057,0.9162946561797191,0.9162946561797191
0.9839963246572019,1.2700215687822634,0.9839963246572019
0.5036146378998714,1.8313808219827985,1.8313808219827985
0.6963499066769171,0.6963499066769171,0.6963499066769171
3.246427336984743,1.5688355355851458,0.6318195366079777
2.2161514855073703,0.9621808335217085,0.9621808335217085
0.9390939283982987,0.9390939283982987,0.9390939283982987
0.7021370581883853,0.7021370581883853,0.7021370581883853
1.7659728393569463,0.21773563052933853,0.21773563052933853
1.2058545860272283,0.0663223707047007,1.7917595664914097
-0.2112551365909825,0.7757913841434647,-0.2112551365909825
0.10796179213835955,2.910268991644032,4.443026714608495
0.8243092312618528,0.8243092312618528,3.8166639523116723
1.1957004155606326,2.5033967891476543,2.903645255974056
0.7110083468592536,1.2353215989025865,4.029726882231851
1.6378656115123071,2.037581139208511,1.6378656115123071
1.896678501430961,1.5097571460824453,2.553556121638938
1.14676795972122,0.719236397905074,1.14676795972122
0.24065311453647975,0.24065311453647975,2.321564678088634
1.1994973093932808,1.4888613649200242,1.1994973093932808
0.6926642480002712,2.1715183562196394,3.48659005740821
0.5452136575954454,0.5850876391146724,0.5452136575954454
-0.13706407424191336,1.6527652672160202,1.280688566999841
1.4356375128300622,1.1068715946489704,1.4356375128300622
1.1106144230098922,1.1106144230098922,3.4042258142313377
0.8710074101138404,2.9750901561078873,0.8710074101138404
1.3207135437773503,1.3207135437773503,2.0419482443422936
0.9732195898661692,0.4812735973427469,0.9732195898661692
-0.28604749502448157,2.8883048455857465,-0.28604749502448157
2.9937058773652376,1.8278620056980694,2.308354779534577
1.3488267607191733,1.3488267607191733,2.7019695407215476
0.7630197449552736,0.7630197449552736,3.4781902663119366
0.04218616196998426,0.04218616196998426,1.4834188902288992
1.1246727939668404,2.5357773644317088,1.1246727939668404
0.9162565702665526,1.9899659761707569,0.9162565702665526
3.0916948652804552,2.897321939734219,1.2511044330216832
2.0227710280245734,2.397941462398341,1.390508416239573
0.7276761463586776,0.8350306769138961,0.7276761463586776
2.316381675775058,2.326566358806055,2.0563722569244747
0.3695316504196412,0.3695316504196412,2.1677155888420656
0.2071415528275642,1.5722421113498113,1.3425614675642468
0.13915148578494962,0.13915148578494962,0.2089273231655786
0.9775458882813326,0.9775458882813326,1.8832287380322876
1.3991545403837755,1.5254452428303502,1.3991545403837755
1.801031719739327,1.801031719739327,2.2008470341586865
1.0506676479431885,1.0506676479431885,-0.8003493032474309
-0.2602126865777272,1.2014290611072422,2.6834875393738726
0.8969947340228663,1.466262653251724,0.8969947340228663
1.1175395718694563,2.584803639140092,1.1175395718694563
1.7758493167477458,1.3089637150414768,3.165248685294902
0.10743787869640553,1.200263985339194,0.10743787869640553
2.197593815221122,0.10043837373594511,2.197593815221122
0.43453507758519716,0.43453507758519716,3.6818868037321577
0.4761587343948766,0.4761587343948766,1.8879945726561935
1.2957545816544997,2.7105005282164845,1.2957545816544997
0.44572918974901043,1.4200813098293994,0.44572918974901043
2.0445340198938835,0.9151674177687728,0.07789681979696539
0.013777206318083879,1.6433515606114066,0.9911341887228957
0.4248802365246668,0.8180533932217352,0.5184784669041111
0.7408844274585541,0.7408844274585541,2.104334057793345
0.6148224681727903,1.2995171467518782,0.6148224681727903
-0.15293683628637567,2.7655823490192173,-0.15293683628637567
1.355631698237844,2.0085285058883544,3.75422645851879
0.19190777898127243,0.19190777898127243,1.2722395898434828
0.09877045504605753,0.09877045504605753,1.948884456330067
1.0254873895176715,1.0254873895176715,1.2406839902851545
0.5989927169699598,0.45934710846991234,0.8367392496930903
0.7645701648086165,0.7645701648086165,2.4144420351840683
-0.0590594701639261,-0.0590594701639261,3.386779620815373
0.6885433714643362,0.6885433714643362,2.4805064739232776
1.1190389721046385,1.1190389721046385,2.0815889189731154
0.6240414883996446,1.462395578665724,0.6240414883996446
1.3462833599953439,2.1687032959555914,1.7527619467103461
-2.2164226702297927,-0.6416166877696154,0.9841648803300296
-0.7272809534399161,1.8179741122098898,1.8179741122098898
1.0317326258061152,2.4926558562189727,1.0317326258061152
1.321262037533685,1.321262037533685,2.5424386966071753
1.1129279315234546,1.951819673584344,1.1129279315234546
1.1866746419266532,2.0228195211534516,1.1866746419266532
2.551124349874609,0.6074110618570135,3.4213461086499963
1.1618630462189028,3.1918409226073052,1.1618630462189028
1.6085188590624724,1.8784537241462607,3.9103779430456598
0.17663667684591555,0.17663667684591555,2.523132148153641
1.3233620742180618,1.4444777786604284,1.3233620742180618
1.2897513963347542,1.5990143019508631,1.2897513963347542
1.043938831760325,1.9759041775888344,1.043938831760325
2.1006805533780035,0.9991906538835272,0.9991906538835272
-0.0414363061313745,-0.0414363061313745,-0.0414363061313745
1.2283965872582108,1.0725293486765293,1.2283965872582108
1.1134869482891403,-0.32133974052491565,1.679170995523177
0.8417014497621444,2.047787535035764,2.7184344958040327
1.5491432255812418,3.267020195429626,-0.9808224489823845
0.7701825463753675,0.7701825463753675,2.2093020540064696
0.267057982843631,0.40624309806721337,0.267057982843631
1.0594552827241688,1.0594552827241688,2.338467044465326
1.0380914635141087,1.194349760437738,1.0380914635141087
0.335482230950657,0.6210804450537348,0.335482230950657
0.6126175118463247,0.6126175118463247,1.79669052718361
1.2481489171224744,1.2481489171224744,2.352310058431463
0.5581800327978389,0.5581800327978389,0.8800061026620287
1.3629940488455468,3.3299936610066574,2.01238147864489
0.13679434673690993,0.13679434673690993,1.9403476981756937
0.6598669486298733,0.06963413602760937,0.6598669486298733
1.034526880578042,-0.24698041305439644,1.034526880578042
1.090739790632035,0.707631946858207,1.090739790632035
1.6401565400707707,1.6401565400707707,2.775857195336974
0.16152045500700785,0.16152045500700785,2.7765343729275056
-0.4807488322939295,2.446783322272348,3.2362888234067166
1.1407709899800407,1.1407709899800407,0.7396083409521201
-0.12350395133671777,2.5667754081312815,2.8240912822482525
1.461635143692897,1.6988361252452555,1.461635143692897
0.22923137423969786,1.0227898772481088,0.22923137423969786
0.8793861746923678,1.8226989651782333,1.6558669474122762
0.6926362028250992,0.6926362028250992,0.7071239375106451
0.7631094778215204,0.7631094778215204,2.0128529788728033
0.2360987937874035,2.2741607840384965,2.086403638312772
0.38888102579132444,0.8558844112734805,0.38888102579132444
-0.10871371452514966,-0.10871371452514966,0.4485062160949691
0.9282001316606291,0.9282001316606291,0.9282001316606291
-0.12533123256183254,1.482953897039633,1.482953897039633
0.9988700074618457,3.283365917817017,-0.14010388113495043
0.787720875297547,1.9622248209853985,0.787720875297547
0.6980181054014467,1.827978582964211,0.6980181054014467
1.581145108573371,1.3460131778390168,1.581145108573371
0.7694881741300855,2.4429866888624736,2.38164194781655
2.243272017724668,0.8563277039273826,2.619650213371096
2.3445238247265943,2.425668652939896,3.1009138628471034
1.2745878727116842,2.675519093392505,1.2745878727116842
0.5820328585506734,2.169177174825548,0.8888701494960012
-0.03492342523064673,-0.5709637523841251,1.1087709448007774
0.6717560730338313,0.6717560730338313,1.5193168370637646
0.35129409558334723,0.6131676818750849,0.35129409558334723
1.2479794551896672,0.281359316666858,3.1509014141255163
-0.31794237529570024,1.4608367298204217,0.966626560583375
0.49295147526033267,0.49295147526033267,2.7711303982581774
0.7929757083545902,1.7888690451744584,0.7929757083545902
0.6044071425070789,1.7593008887083421,0.6044071425070789
0.2765698656208384,0.7444465688933422,0.2765698656208384
1.9808072882412509,0.1525298925296643,0.1525298925296643
-0.1829967567834052,1.8240582820198263,0.9757898589336731
0.4159448783860026,-0.19379361664776207,1.8921036673845697
0.6079074971012108,0.6079074971012108,3.4162510072599455
1.59219953240806,1.0525959480745757,1.59219953240806
0.9196661219623217,3.619998163955117,0.9196661219623217
1.666358840118345,1.5974730694710022,1.5005110782906281
1.2691599579732546,0.8242764702487689,1.7296507957523874
0.6673880994858743,0.6243939182529046,0.9242943180562782
1.1770213420204356,2.783161208035855,-0.2189482936473537
1.1072980791224416,0.8415014304743232,2.098785616619087
1.0036282438764832,2.0742845153936122,1.0036282438764832
0.41167774596986273,0.41167774596986273,1.9621146503659936
2.1266046903417135,0.3293715569772411,2.655611877938371
0.10653726355189508,0.10653726355189508,2.0002406044805454
0.5285506255736807,0.5285506255736807,1.9019665812870268
0.9931240277150751,2.3119241445195424,1.099587202856398
1.1606369597123452,2.4886028414758856,1.1606369597123452
0.7288025082147116,1.2425175292191115,0.7288025082147116
0.5524584971961264,1.4121448616388164,0.5524584971961264
1.1728014913063651,-0.5748761356377545,1.1728014913063651
1.6435883913887561,1.6435883913887561,2.0313106168467345
0.9311795263270175,1.5675545203157932,0.9311795263270175
1.5397035784701898,1.2314465136850195,1.5397035784701898
0.25955497056287946,-0.005405123244233145,1.8754465048162778
1.6555904186073533,1.6555904186073533,1.9833800299541922
2.774820659091853,-0.8658724841209531,2.5145969351151045
0.2227642367229098,0.2227642367229098,1.794227128293656
1.7960968050235295,1.0031955636857053,2.5207842904868265
1.9393920324131537,1.8362622106821516,2.9366014135151013
2.1699464084341704,1.1257324369668804,2.238823934770449
0.6566972073677648,0.6566972073677648,4.155506464033515
0.8828663633542588,1.242897922509464,0.8828663633542588
1.0965955063770363,0.7123620989614973,2.13932818327035
0.8218857645777834,0.8218857645777834,1.552405797620475
1.9618914197896298,1.2015431340905591,1.9618914197896298
0.9652626589939242,0.9652626589939242,3.3534553321799825
-0.3925793641008575,-0.3925793641008575,1.9515695797248884
0.8186034795726601,0.8186034795726601,2.2754877172537307
0.3023478576730161,2.1869149794273124,2.075736565720494
-0.20282598646807237,-0.20282598646807237,1.344247296850491
1.1695228375040272,1.1695228375040272,1.7112149929449836
1.2481640518314576,0.7052250369650173,0.7052250369650173
1.2251121740969988,2.160702400800985,3.092178019014864
1.4693976129391655,1.4693976129391655,0.5856192312101376
0.5946140063063428,0.5946140063063428,2.655863501088785
2.825786847664313,2.0629196718194547,1.3557933246852079
0.8024284766454157,1.0923741665665256,1.7649944392739605
1.231109112958354,0.6273684138268476,1.231109112958354
-0.3498259505828192,2.0044613003133107,1.993659175847595
0.16123197277255252,0.16123197277255252,2.237786241695149
-0.2642369317988742,-0.20464555393375083,3.0640133176550948
0.00022714100394805037,1.3345699332345387,0.00022714100394805037
1.6661684899406248,1.919581662042124,1.6661684899406248
0.9165422745776446,2.6277878138219144,0.9165422745776446
0.32461935920184226,0.32461935920184226,2.1895305353575045
1.011372287907552,-0.7223778927376059,1.011372287907552
1.6744352899205621,1.6744352899205621,0.3456385507897699
1.976100442180286,0.4777820741433698,1.976100442180286
0.11687499076931263,1.5185405716329132,1.1794458351046782
0.5389760702779041,1.1566637656936218,0.25329598699898415
0.5450148300013256,0.5450148300013256,1.961096530703389
1.3125683991095598,1.3125683991095598,2.469830496724527
1.1252576807340493,1.4572898949759099,1.4572898949759099
3.457546374460915,2.1055362766561254,3.043424340042425
2.286291818614538,0.634362481847458,2.286291818614538
1.9099378440121553,0.643267716110202,2.1073400321828077
0.7549862630045603,0.7549862630045603,0.13663504198616705
0.7634893465016898,1.9357796832039722,0.7634893465016898
0.596062329359472,-0.04515876269683039,0.596062329359472
0.7490345714236484,0.8689161112881297,3.4695205106321483
2.0265558475943637,2.6016987351668233,2.646925468440273
1.6821837529107349,1.6821837529107349,2.449979478569243
1.0721693666895704,1.603530305417375,1.1695362318308888
1.0185329097069349,1.0185329097069349,2.273531378778045
-0.004445216952574604,1.2929799043992365,-0.004445216952574604
1.3802357048363338,0.39618285883136695,1.3802357048363338
0.49303532119484056,0.49303532119484056,2.0859587651125886
1.5319173895739553,1.5319173895739553,2.796151693980576
0.28803576342614395,0.28803576342614395,1.2166344927540693
0.9851245733909171,0.9851245733909171,2.4600254405553237
0.5053294865700986,0.5053294865700986,0.4174356790900764
0.5779498259529032,0.5779498259529032,1.3754025619551924
2.4554647037543234,3.117013299828505,4.771641070886343
0.875715228879518,0.875715228879518,3.2939455833472993
1.691926865106369,-0.7676739769175085,0.20874809586977494
0.6893483316901625,0.6893483316901625,2.484119310156242
1.6819631269774107,1.0687791056884546,1.0687791056884546
1.015221258968858,-0.050268061907186246,1.015221258968858
1.7582668996401751,1.0821527488435687,1.0821527488435687
0.022147084179135246,0.022147084179135246,1.387280048619135
-1.1577435649892998,0.53173029075537,0.53173029075537
2.606987373102781,2.6040147794439457,2.7701476306179353
0.5295613821708516,0.5295613821708516,1.2401164670420823
0.08020420139730544,0.08020420139730544,0.3658104275747611
0.6191572989948649,1.5557587226762863,1.1782494124863068
0.9914138955264518,1.4676313147986724,0.7564140704629061
0.6262406987605034,0.6262406987605034,2.3677842445486514
1.3168064986204997,1.0861757894586843,2.4494836409343335
0.9527576290143102,0.9527576290143102,-0.48396470753965515
0.8350181890086685,2.0562164610636957,0.8350181890086685
-0.0065619649362320676,-0.0065619649362320676,3.2377045508063835
1.36111841990073,1.36111841990073,3.6288957062818326
0.7687942751292174,1.9876542476356276,0.7687942751292174
0.8821137538633029,0.44805842869399237,0.8821137538633029
0.08189278892629137,0.08189278892629137,2.72590367462889
0.8894439801028118,1.0252440725513794,0.8410498324141684
1.7144495293604156,3.6780333743554015,1.7144495293604156
0.7321813519935357,0.7321813519935357,1.5333840577275013
1.2898855304645203,2.453728602279797,3.766206092379017
0.888798345377952,1.3939598706997691,0.888798345377952
0.7918162522108974,0.7918162522108974,1.1506315116239296
-0.5668485071281397,2.6413705819865125,2.519125108694578
1.2404947350518585,-0.6194305499867108,1.7942835980696812
0.35670563550219364,0.35670563550219364,2.470206546252893
1.4580034667733153,1.4580034667733153,0.32015844276315164
1.6477696769405794,0.09169809469033141,2.3127862070657716
1.7014544042305908,0.9808688001292641,1.6508941370434516
0.3049545197958292,1.8724475385614734,1.9737149735501478
0.9018566223547384,2.46516354588877,0.9018566223547384
1.13220323072593,-0.55946064856913,2.492763273133537
1.508299062278292,1.508299062278292,1.768495508810095
-0.8804520958181079,-0.8804520958181079,1.4142978473576688
0.5837612810411795,0.5837612810411795,1.9177581770554428
0.07281478483141968,2.7013881507804305,1.058632807537165
2.0485935247854004,2.426738480770236,3.3829124186993687
0.5494356661211535,0.5494356661211535,1.5695499379722246
0.2966435137951917,0.2966435137951917,2.6264208095779336
0.43691468231865127,1.51597264853504,0.43691468231865127
0.8944916995435899,0.8944916995435899,3.481162466253188
0.8888866743799143,1.729017011828714,1.3168605617636624
-0.020810561372771597,0.5835796592401007,2.2459646401181543
0.9655229554827714,1.9783356557346083,0.9655229554827714
0.5465125787494864,-0.5195576021397232,3.4195987284963323
1.53777489537738,1.53777489537738,2.1968583647755713
0.7341546887278433,0.7341546887278433,3.4521609117553824
0.5989180260997264,1.1799903661688829,0.5989180260997264
0.2009354038820883,0.2009354038820883,2.2632598855127073
1.3210193532833652,1.3210193532833652,3.719284256507006
1.3660895109996603,0.8734603257450287,1.3660895109996603
1.1611914435750823,1.1776304424615185,1.1611914435750823
-0.17560197569607983,-0.6464438619580681,-0.17560197569607983
0.32650463446242994,0.48804060079195843,0.48804060079195843
1.013778667063312,1.013778667063312,2.4212867169752736
1.1257155619261296,0.8383332141180695,1.1257155619261296
0.5291345915542285,0.5291345915542285,1.4704183501806505
2.555046033254552,2.1953652513414412,3.82899264828081
1.059188208778366,1.059188208778366,1.442720096358935
0.812979257771925,3.4063166211588856,0.812979257771925
0.5253258642313461,2.4712982055214296,0.5253258642313461
1.0268772621316555,1.0268772621316555,1.1921930728499524
-0.03476391442383053,2.3060775941077356,0.7322620943902187
-0.4942318052422279,2.1177194495625438,1.9333845986596405
1.3563233947960638,1.2424831217693948,1.677912299991479
0.7135123829714252,0.7135123829714252,1.1866494270482397
1.1441554470108797,1.1441554470108797,3.6342781393119945
-0.024880461294294776,2.6938362842496293,0.7338319353939169
1.126262646955146,2.3420736853046664,1.126262646955146
0.9670506632049863,0.9670506632049863,2.5167895036778956
0.8516933354807938,2.252495130655089,0.8516933354807938
0.4713133415434061,-0.016073063279219868,2.3715953384864585
1.0242189881304091,1.2105599037591235,1.0242189881304091
1.9079051187821026,1.6386765233993437,2.6793504156223884
1.7811731391859018,1.1051412749216127,0.21450266563844678
0.17280624979734538,0.17280624979734538,0.9522826473983186
1.2203251503480042,2.4319458184994827,-0.11967306199777727
1.0801962684903053,1.0801962684903053,1.0801962684903053
0.44005832660293454,0.44005832660293454,0.44005832660293454
1.7251985040092175,1.0680764621179955,1.7251985040092175
0.7123161632474911,0.7123161632474911,0.9286625489109359
1.0431476796913681,1.9209237255029192,1.0431476796913681
1.1977879761684198,1.1977879761684198,0.3266611245524438
1.4010061949864516,1.4010061949864516,1.8607172824787028
1.5708822799483386,1.839361031461473,1.5708822799483386
-0.041145625381024065,-0.041145625381024065,1.7038499697102116
-0.39207959897964617,1.9620508173526447,-0.39207959897964617
0.9885121880216822,1.1678576942954666,0.9885121880216822
-0.08475907553634898,2.5666695228017824,2.5666695228017824
1.4399489323228511,0.6803458383669336,0.6803458383669336
0.47153270186324037,-0.9730945395135002,2.5939692939974686
3.3588670941940486,2.2855021055585567,2.2791259769156142
1.2480805573604288,1.2480805573604288,0.38219774049331057
0.8916327701974535,0.8916327701974535,2.066966838053526
0.7737239843611154,0.7737239843611154,0.40092442851044097
1.043694404654719,-0.4129218375722792,1.043694404654719
0.3193515848521399,1.419772433638015,4.0838134069024505
0.992697116578413,0.992697116578413,0.5210720980896333
0.5684127350203164,-0.277195967221455,0.5684127350203164
0.9820250213338833,1.9788779148197002,1.9788779148197002
0.7133311417094962,0.39837740429537205,0.39837740429537205
0.4736291222922226,0.4736291222922226,0.4736291222922226
-0.10446510273537346,1.2363024439580412,-0.10446510273537346
1.002179665783335,1.002179665783335,0.38815489116956026
0.5767815878329254,0.5767815878329254,1.0553860470283203
1.911006351097209,0.7168319590597145,1.911006351097209
-0.38484349429848974,0.36068649731759894,1.985567775523702
0.4804464792025366,2.292375917400718,0.4804464792025366
1.4857511175306233,1.4857511175306233,2.433597474413981
0.7306560652225977,2.1628429142664958,0.7306560652225977
1.711872512600984,1.4978521405944285,2.2580544341933404
0.293644959887718,1.8731034582241985,3.3419209744894145
0.33765030416467057,-0.20147519466073005,1.3281612930867523
0.6303514440393027,0.6234850980010631,0.6303514440393027
0.8814472877786891,0.8814472877786891,1.0282160683896615
0.7306738836981008,1.4451846948056146,0.7306738836981008
0.8700779410456996,1.1505227929929904,0.8700779410456996
0.4107614642115497,-0.3662869845853456,1.2553273333634167
0.7887083205781051,0.7887083205781051,0.9339931295393185
0.7336096887649874,0.7336096887649874,3.4203972156235816
0.46452191159180756,0.37339573336729637,1.5481807613360743
-0.17223867584993702,0.7994840909255859,1.4570243831892022
1.384219755699753,2.372667800274869,3.2316775110891554
1.3778591796199178,0.5607317572634144,1.49022847354323
1.2796367587012334,1.2796367587012334,1.1963008520377603
1.6338655710216645,2.3561438630840987,2.815607672901784
1.1038842424030633,1.9445749819947882,1.1038842424030633
-0.6066870188470781,-0.17044574192061046,1.2029577911814644
1.0002023611685487,1.0002023611685487,1.7859056768360175
1.1086455549670702,1.6739319445358358,1.1086455549670702
1.5498774317558848,0.6117525123848205,1.5498774317558848
0.8992407528738129,0.8992407528738129,3.4129036886022783
1.2139224227637473,2.2768171434315727,1.2139224227637473
1.5584079943997295,2.7639603121614718,1.5584079943997295
-0.48976230098385676,0.40956300538933155,0.8672982790711821
1.1614240192782408,0.6187405920730015,1.1614240192782408
-0.2516392131423908,-0.2516392131423908,1.7732345168810708
0.3603520255353032,2.239882561267903,0.2852455444613069
1.3944992407462342,1.4483169943886798,1.3944992407462342
-0.11479024825897488,2.045371736709221,-0.11479024825897488
0.6218594847483103,0.05856633978597103,0.6218594847483103
0.19185481810664406,0.19185481810664406,2.1400683085836323
0.681386741713273,0.681386741713273,2.251198535988571
1.8267055268681307,0.353110283324916,1.9135364403368853
0.9388160286310724,2.144114214687531,1.0780777184003865
-0.10182709574029225,1.511843634316788,1.511843634316788
0.7681675154366794,0.7681675154366794,2.000222625127762
2.0385310855149967,0.15297723727365065,1.2443431315311186
-0.04464868367337105,1.5503203259335667,1.5503203259335667
2.437709933578054,1.1866331308712097,1.1866331308712097
-0.14050049299870992,1.4982321776890366,1.4982321776890366
1.5870906933369495,1.6842288619425594,1.6842288619425594
2.1122816375015407,0.7794152835156951,0.7794152835156951
0.6847778501685998,0.6847778501685998,0.6847778501685998
0.7621146929222934,1.662770454963921,1.662770454963921
1.3627314396063943,0.4193299138044779,0.4193299138044779
-0.20986706740247607,-0.3308816944396813,-0.3308816944396813
-0.7511341518362948,3.5996986446776593,2.139480696289345
-0.1257525684110119,3.758181549600446,2.4856490449609594
2.255580997301331,0.7051601841607672,0.7177976985727177
0.5585180696832222,0.5585180696832222,2.069617847877285
0.5636112555604207,0.5636112555604207,1.8963074506175595
1.4776817826427653,3.027467826024222,2.149037563074414
0.5517279507203214,0.5517279507203214,1.5997383259882136
1.5674748932038014,2.069304809497816,0.9954886837276351
0.690555111769916,0.9078467244953717,1.3172109839374313
0.7694279540453474,-0.31410134469688034,0.7694279540453474
2.064745839370012,1.45149266926993,2.756937532043027
1.3710531363283183,0.3321978066086231,1.3710531363283183
1.2934785297324423,0.0027438608811956033,1.2934785297324423
1.2409813907106333,1.389958054924541,1.2409813907106333
1.6539501177341083,1.6968846565499904,1.6539501177341083
1.8022200057884907,1.8022200057884907,2.4956508038816736
3.221258432521201,2.327088622920359,2.5291355827385904
0.8103323790734209,1.7985314312474099,0.8103323790734209
0.5875977519756832,0.5875977519756832,2.1756060278758556
1.2771265622268277,2.228303786097327,0.7289405844649464
0.9861488064991697,1.3549388327610947,1.4738638107722304
2.000877105245811,2.6817981780776927,2.9104424358834335
1.2769933828580182,1.2769933828580182,2.0501095638578897
-0.491906813588612,1.8489263167763246,3.3190992921050015
0.6990693706709329,0.6990693706709329,0.3149371987774443
2.3612896224776616,1.1097339453182815,1.1097339453182815
1.2773311408598818,1.7108753281548348,0.14226822660121496
-0.04285876842746431,-0.04285876842746431,-0.04285876842746431
-0.3403845193760615,0.8599025922778373,0.8599025922778373
2.1191182340393055,1.667993263829459,2.1191182340393055
1.1537202430468187,0.9790004309116795,1.1537202430468187
0.06561992512265702,2.7982529367496918,0.06561992512265702
-0.17437025434471076,0.759966249850731,2.034277823374079
0.40928457149399233,0.9805027750329306,0.40928457149399233
1.2415629674044841,1.2415629674044841,1.4616027576677524
0.5506318910517676,0.5506318910517676,1.3328030189623594
1.5024304160529878,1.5024304160529878,2.064166205492906
0.8545973808431119,0.8545973808431119,1.558633580199631
0.8528202596558623,0.8528202596558623,1.9150614791576992
0.2182800408782679,0.2182800408782679,2.186477030936419
1.0834889599753108,1.710959745838115,1.0834889599753108
1.7617883723740306,1.9501277859597401,1.7617883723740306
0.7895349660786208,0.7895349660786208,1.8628681152443494
0.9021452137659411,0.9021452137659411,1.7899363779154536
0.4123478849140133,2.7369746403762134,2.5387689763756613
1.0248230018457352,3.4103359792533663,1.0248230018457352
-0.6318706284157498,1.0792610212109321,3.418113283354039
0.8240782451856081,0.7877086588951443,0.47925615214289263
0.6165068186928099,0.6165068186928099,0.5697922663631543
1.8722965511729082,0.9361042224271138,1.862082084570966
-0.7292438486694357,0.6273702812611742,1.8328984689204935
0.04366201989305707,0.04366201989305707,3.003832249965691
0.5227031631606308,0.8930532218248499,0.8930532218248499
1.4107332794752603,2.588134052724401,2.914632932332285
0.6970260828402068,0.6970260828402068,1.561590788306274
0.9861872191259865,2.3590187842076022,3.6488756756209204
1.3267742964943916,1.3267742964943916,1.5400831094023169
0.9878842360860042,2.350052010582889,0.9878842360860042
0.9686970251489259,-0.11592766014527078,0.9686970251489259
1.4061013363595474,1.20445603419843,1.4061013363595474
-0.5148819237245759,0.3682713483005411,0.8672919607722351
0.31034170641317027,0.7276751104591808,0.31034170641317027
-0.0795247096949454,2.078313466045354,-0.0795247096949454
2.6105086273182505,0.5571741169637311,0.5571741169637311
1.3780646523832834,-0.5346143807196801,1.4164552077996597
0.1658320383407108,0.1658320383407108,2.7031167755516528
0.6259519181694073,1.7051845949309437,0.6259519181694073
-0.07249244104376429,-0.07249244104376429,2.6634961732275286
0.7549911258207122,0.8928691007917575,0.7549911258207122
0.32052418944061867,2.7672178147849174,0.32052418944061867
1.745333877890376,1.3993382657968738,1.745333877890376
1.5824542867199924,0.8162566286789457,1.5824542867199924
2.107901242140806,1.1055422068634535,0.24943789010206419
1.318192903312651,2.131664352594963,1.318192903312651
0.17198121363733232,0.17198121363733232,1.9015189767932965
1.255068346179439,-0.3822626933135569,1.255068346179439
0.8219901792901606,2.2775805019738486,0.8219901792901606
1.4960598976495043,1.3603787989528227,1.3603787989528227
0.4125758753830279,0.4125758753830279,0.4125758753830279
1.0885332982899794,1.0885332982899794,1.455298364642966
1.9671085524055325,1.4945622154373623,1.9671085524055325
1.3308808901772802,1.738380701391021,1.3308808901772802
0.8367517594908971,0.8367517594908971,1.2604148885062512
1.841993455343473,0.5963449176101449,3.6555458723257743
0.22003897771195358,0.22003897771195358,1.7260421768678207
1.5719946445412851,2.267059619952191,2.3665581781498846
0.8049489614198583,0.8049489614198583,2.6110162705186486
0.9068123935732317,2.806189065954717,2.322539644812339
1.0837212898191528,-0.13623039256558456,1.0837212898191528
0.08053407140574809,2.0077467954732438,0.08053407140574809
0.5675388006990109,0.8088710518394605,0.5675388006990109
1.1678856607913461,1.7799901559972204,1.1678856607913461
0.5385906849741805,0.5385906849741805,2.3736172656787677
1.7658666245999282,0.8737160517123327,1.7658666245999282
1.2009319793460485,1.2009319793460485,2.107350929426626
1.0753701968997316,1.7347065556024528,1.4398430854381346
2.2064718732673922,0.6896209672799591,2.2064718732673922
0.12258624762862314,0.12258624762862314,-0.3620790394508999
0.7830750609160901,0.7830750609160901,1.1924197677996045
0.4863370261389983,0.4863370261389983,1.1821273994169657
1.381480818478431,1.381480818478431,4.706824401585475
-0.5181530888365484,2.681059748174743,2.417337477929925
1.6332724081477097,3.525611515367294,2.5516984042902218
0.472125920915478,2.471971487813797,0.472125920915478
1.4916168874447737,1.5915475875166054,0.09848768070167035
0.6951498646605117,3.3182890129188634,0.6951498646605117
1.014643616675744,1.2872592949395718,1.014643616675744
1.624306949904591,2.586752740975652,1.624306949904591
0.23777880303413024,2.0270980667821528,0.4957990650613515
1.2356328207095333,1.2356328207095333,1.5713346566416262
0.19458732000095125,0.19458732000095125,2.1414392298855804
2.1372025362130653,3.3757463939162324,3.217505648058575
-0.9601299157003103,3.242569309678566,2.4411479978955772
1.2704702155859584,1.2704702155859584,2.3090815226700925
0.46485571843546536,-0.7281412311905826,1.7086854307027401
-0.2874185410404797,1.9183039654545881,1.4089700304152495
1.48207346351432,1.8202614892178395,2.038230648934657
0.9979560161240109,1.158311833405516,0.9979560161240109
1.0219534388473703,1.6784274965122359,1.0219534388473703
2.1683261098673947,1.0166980517124387,2.4301335561335513
-0.5352220675186539,2.337694071229437,1.5957504276276735
2.0399763725633466,0.5802182723998007,1.953956203428923
2.4488967257304806,0.46871527503544397,1.189145679077252
1.4908910213941988,1.1060519568697607,1.1060519568697607
2.786910571333252,0.21031203623014694,3.0446241181374027
0.8140305551920175,1.0570683280407898,0.8140305551920175
0.7041263498734038,0.7041263498734038,1.661236311496646
0.759942419938611,0.759942419938611,3.496505771937062
0.8066840811753103,1.9167728689156436,0.8066840811753103
-0.5523144308575318,1.2809249156903235,1.588315446865712
1.9391588275455942,1.17002377288642,2.9797583606548597
0.5868990256822018,0.5868990256822018,3.0588725004653705
1.0844481938735357,0.20992624429233742,0.20992624429233742
1.3112610732760126,2.29542412526302,1.3112610732760126
1.3590692047326223,1.3590692047326223,2.036974836855563
1.5383409883338808,1.5383409883338808,3.7850267144489615
2.7387459986834184,2.7739059430437485,0.14894076000593381
1.4599468120317027,2.3819222339664536,0.8767770153340921
1.31902352712526,2.705132375619127,1.31902352712526
0.1135631521330338,0.1135631521330338,2.2256113431005393
0.9628032297164196,0.9628032297164196,1.7319917977723747
1.092712243883389,1.7664252427089893,0.5050589218501618
0.7751733081339148,0.7751733081339148,3.935632749057395
0.9207372957808762,0.9207372957808762,1.2011207698056838
1.0266449193847742,2.392588062803594,1.0266449193847742
1.377555075428057,4.289711698204658,1.377555075428057
0.8617685620829124,1.106911720609215,0.8617685620829124
1.655589396481314,1.1419656312266817,2.3994648872950655
0.2713863526626874,0.9647561008013853,0.2713863526626874
0.5123801226661431,0.5123801226661431,1.0860862465698116
0.9847098479282022,1.1802304795466563,0.9847098479282022
1.2918677363332325,1.2918677363332325,3.955970180550314
1.0323189367325565,1.0323189367325565,0.8446491488204586
0.8485703305147725,0.8485703305147725,1.3846916431594014
0.11559017952455175,0.11559017952455175,1.2548750590900704
1.1710369259800346,3.5948691508988784,1.9623892866938342
0.7061250249124229,3.766070195178614,1.9493386478720167
1.2411764308933682,2.3338574175241176,1.2411764308933682
1.028516029219424,1.028516029219424,0.5194272530013568
0.29332945811714517,1.888930204405482,0.29332945811714517
0.34717746610188893,2.0103600138436923,0.34717746610188893
0.2821419843316668,1.8632917352763778,2.753306305749702
0.22927993801900404,1.9068344022675112,0.22927993801900404
0.8789941266479059,1.0253998232331871,0.8789941266479059
2.1995674218434753,0.8508158053460737,1.478437124030967
0.9253070008913943,0.6466773371578842,0.9253070008913943
0.5718363425276891,0.5718363425276891,0.0840038993208807
0.7236903538141894,3.453800376539137,2.0404882446709243
0.06440777957036337,0.7908171901523964,0.7908171901523964
0.9682493078753014,-0.15362033582826307,-0.15362033582826307
0.983572590210265,0.983572590210265,1.4435074689273697
1.883174983704864,2.6542441745562586,1.0248942899930675
0.7574777425013993,2.7880734791871804,0.7574777425013993
-0.04871876413299425,1.4164503606430598,1.6771332407843005
1.0462303320470392,2.1587185151391175,1.0462303320470392
1.0683019591622904,1.3789573506593096,1.0683019591622904
0.5888851434903359,0.15016902631581786,2.151586157438032
1.761861349169192,2.653769102650552,1.3650540543313616
0.5339692206414053,0.5339692206414053,0.022556561541034137
1.181460966836603,1.181460966836603,0.7836819284839819
0.3611386601516561,2.1217847799059495,0.3611386601516561
1.4313187373024263,2.1614937577423117,1.4313187373024263
1.4890668204510529,3.7562220979230614,2.2277637973362574
1.2189890234736669,1.0828434765994852,1.2189890234736669
0.25750422797667055,0.25750422797667055,3.601039630101817
0.868825524729021,0.6085360186371912,0.868825524729021
1.1419412606344705,-0.391293385345048,1.1419412606344705
0.4605650013816772,0.4605650013816772,1.2114617276855881
0.06029455896599267,0.5224849786151173,1.8532053323059001
0.39567452250617297,2.912426119007307,1.341496516224884
1.2654519799055248,1.2654519799055248,3.2850651515530513
2.6416368352813984,1.7634376911333807,3.5837466313933772
0.7327292376045313,0.7327292376045313,2.4940119063667923
1.1297493000468164,0.5255461273992694,1.1297493000468164
1.14873963504881,2.815547004077365,0.3003487714170987
1.0436329157737123,2.614624537810622,1.0436329157737123
1.0352591643667113,2.4864151213654737,4.004848876313291
1.791912412187638,1.80733276985559,1.799060537412539
2.534763734201954,1.0789654513188203,1.0789654513188203
0.7213126104417515,2.5840002924584726,0.7213126104417515
0.7298759827057738,0.7298759827057738,2.379681029907407
1.4145919528401436,1.4145919528401436,3.13916258975265
1.7891729705945836,0.9904670923901745,2.0894203835720835
1.527900952339831,1.527900952339831,0.785573244980327
0.3287151629147034,1.6807237390698322,0.3287151629147034
1.2966118863705862,0.6778887281938878,1.2966118863705862
0.9034012250672089,0.9034012250672089,1.2900393932937004
0.9433953524878337,1.6806858066779207,3.4935567326742047
0.7827886891272726,0.7827886891272726,1.999377694964568
1.3167246399319108,2.4111325870992775,2.5205018601919034
1.6240221264887125,0.3374301785902105,1.6240221264887125
0.8214166146709154,-0.46953894529592866,0.8214166146709154
2.113876871685941,2.5712890595565803,1.8480388859555976
1.4462126114734737,1.4462126114734737,4.197902900505914
2.4163126382141895,0.05735092847924217,1.3332298455744538
1.021308597891763,1.690420153413097,1.021308597891763
1.6066429376918503,0.6689244849130453,1.6066429376918503
1.9580568992718825,1.2219437495340293,1.9580568992718825
1.1106612310935247,1.4239180479978326,1.1106612310935247
0.5050362119935295,0.9526741184619688,0.5050362119935295
1.068571685108957,2.3804757028678556,1.068571685108957
0.8178483300134581,2.6007760091409584,0.8178483300134581
0.8275885497912544,1.4819507317669935,3.9796737497457295
1.0902967888556387,1.0902967888556387,1.0902967888556387
0.9863507718725755,0.9863507718725755,0.9845244327396452
0.743816263190184,0.743816263190184,2.8464572340194767
-0.11308040424408428,0.6371471300973721,0.6371471300973721
0.6811250872707768,1.92576096351081,0.6811250872707768
0.2836193623909813,0.2836193623909813,1.2812959914333764
1.1385108358396234,1.1385108358396234,2.0241641489007867
1.9992077416436416,1.4939431056300703,2.6664613858311914
0.1022965346986362,0.1022965346986362,3.016515093239895
2.2389801646997656,0.7287053674812938,0.7287053674812938
2.7101630263955583,0.8897849263804094,2.7295920614901585
0.7253351631445538,0.7253351631445538,1.0057776303360733
0.18438279559368187,0.18438279559368187,1.8118670798714884
1.6979688926377068,0.6878678080322668,1.6979688926377068
1.914662457934487,2.2946983372372354,1.238658766603566
1.7371629963452866,0.7311609040854037,1.7371629963452866
3.429327666180744,0.6185699876719429,2.177487053158948
0.29223982566339246,0.29223982566339246,2.01342901440641
0.6369245153544194,0.6369245153544194,-0.47150865233958106
0.3605455528335381,0.3605455528335381,1.4426668056723462
1.5441241682885885,1.5441241682885885,0.12245987286979121
-1.2775540897548647,3.7045552230933123,3.069856032393189
1.3899441649456914,3.8150115543783376,0.9716865962449295
1.270458821606137,0.6833743043014855,1.2890307143564321
0.4610023257206428,2.348089131582737,0.4610023257206428
1.3602025906945312,1.3602025906945312,3.2250199305196388
-0.39946755274193624,-1.8385302439903568,2.830397250968705
0.2214066410528066,0.2214066410528066,2.4063118097293015
2.6630424275670475,3.2632601672117563,2.3165648952801092
0.8853672236794612,0.8853672236794612,1.7845932211897808
2.387414907484726,2.2933872877918526,1.7440245367478735
0.5537209555161539,0.5537209555161539,0.35739683925703747
-0.1981529637178039,-0.1981529637178039,2.322540340608346
-0.5389184723249576,2.22287512848633,1.564833240536007
0.8650803238160714,0.8650803238160714,1.8327330478583057
1.2360833750911822,1.6195685132724131,1.2360833750911822
0.07542115095826585,0.907633832966091,1.6492345010976077
0.8459156355661405,0.8459156355661405,2.0937898221363547
0.9011235906405834,3.2699799485245125,0.9011235906405834
0.25780069333558264,2.7482645571656623,2.723270081058838
0.05235645278914047,2.62225404710878,2.0876173951110717
1.131199952501058,1.8768863316931501,1.131199952501058
-0.03530961000512356,1.0828420538551045,3.388135103793449
0.4921444717913332,0.4921444717913332,2.673049852818302
0.9615933013112133,0.9615933013112133,3.4024848999161694
0.7232644816409086,1.4146710484387595,0.6667615934287277
2.893113747437061,0.5282896474706572,2.2369968479513243
1.128731482327492,1.128731482327492,0.9980213418230726
1.9938502966530993,1.2746088746674133,1.2746088746674133
1.2700767821514751,-0.416665005463807,1.2700767821514751
1.1926695471845838,0.5707207204916872,1.1926695471845838
0.4980558376189579,2.9481153772541724,1.9401160290357904
0.17280583700310326,0.17280583700310326,1.8459243638059601
1.0970425462369162,-0.4891421144389616,2.300563896211904
1.5520390514955844,0.6627784779018104,1.5520390514955844
0.5514482308498558,-0.7652104061231149,1.7502852527973218
2.77189864419343,3.2709357117987237,2.1592554209471415
0.104733623517973,2.7873772687660665,0.104733623517973
0.5029084079889898,1.7900436986624464,0.5029084079889898
0.9397811062232878,0.9397811062232878,1.8441601747673708
0.5823829761798524,1.2010241768220193,0.5823829761798524
0.5535705667633809,0.5535705667633809,1.8199119969703046
1.4511352039244567,1.4511352039244567,3.699822177913164
0.3747803492476086,0.3747803492476086,2.2928758862453735
3.8099081995384063,0.8898653384592019,0.8898653384592019
0.7891162305492158,-0.584904180506542,0.7891162305492158
0.7147804926861953,0.7147804926861953,3.233422880005945
1.0046992174745193,1.3448230617250208,0.7266022228155833
0.5391735191354549,0.5391735191354549,1.3173372589280885
1.5594027241897492,1.887201664807288,2.019989815675765
1.9282040456159293,1.7086040183640367,2.087470238025945
0.6701554103652148,2.5140585633639203,2.6407591350528907
-0.2121634722429081,-0.2121634722429081,0.5808042301973633
0.27216462657238893,0.5030949816923267,1.8799263363945173
0.8157061323022909,0.1080477612429287,2.5323314115893303
-0.7648751294894414,1.7785639637765938,1.5780618988289667
1.2663518967363887,1.2663518967363887,1.9785099174868221
0.8109589363647817,0.8109589363647817,2.909527092458345
-0.12104673672027477,2.1707643452248626,1.3492533569946263
0.8459982180856357,0.8459982180856357,2.72313222623399
0.06584927745271137,0.06584927745271137,0.06584927745271137
2.0917774710913797,0.41671914610913485,2.0917774710913797
1.153098909088731,0.9529327800424222,0.9419363592918326
0.6970128141628337,0.6040095457240552,0.6970128141628337
0.9496908222138013,2.156305627826019,1.765948981510491
-0.13784666748110452,1.6303197314718647,1.6316952270440748
0.08576112361507959,0.8008894309517296,1.654790078750356
1.3406220709222483,1.0778117220116576,1.3406220709222483
1.2283578371012753,-0.27082935991900436,1.2283578371012753
1.4820518215776812,2.4407249882994106,1.1128967093105637
0.2700317987794997,1.7458470185901573,0.2700317987794997
0.6683908545037363,0.6683908545037363,2.109574692720323
1.0204419587562696,1.0204419587562696,0.9238649378007617
0.8839350925570989,0.3930546955500267,3.5090731540545694
0.35563225475572124,0.5690593050732432,0.35563225475572124
0.9728526856621783,0.8925469442550137,0.9728526856621783
1.16920172735647,1.16920172735647,2.2147323141544493
1.69741422136132,1.69741422136132,1.6164905619292698
0.9644451437871764,0.7106387415989232,0.9644451437871764
-0.22521974444273862,0.26046844250142787,-0.22521974444273862
1.7041922100748326,1.8463089256498022,1.7041922100748326
0.9102864913653826,0.9102864913653826,1.940936569101652
0.6548537740629466,1.9162132322270757,0.6548537740629466
1.549955825418253,3.3734961910495818,0.5254575915163464
0.9389069378892443,0.7920979800177192,0.9389069378892443
0.024074659295844958,0.7819948140988614,2.5330707090851288
0.06428782798040411,0.06428782798040411,1.9300963696828115
1.4059352588955778,1.6592601434255996,1.4059352588955778
0.9897781496393877,0.9897781496393877,2.125632422437823
0.6819488305461345,0.6819488305461345,2.9855259782587256
0.8842253100350148,3.2543637455789014,0.8842253100350148
0.31637862697697294,0.31637862697697294,1.3725306552175536
0.6434020625362905,0.6434020625362905,1.9836346973869758
0.3043991583135126,2.761033607354496,0.3043991583135126
0.7144793476414389,0.7144793476414389,0.347519842093464
0.7129733795245994,0.5550006531019154,0.7129733795245994
1.0744324298319023,1.0744324298319023,1.0744324298319023
0.8192072449846015,0.8192072449846015,1.2440854676263184
0.9946089394389049,0.20360930371003838,1.145214258620799
0.11884798248105655,0.11884798248105655,1.318857016664912
1.2993912214929233,0.9911734519043975,1.2993912214929233
0.8148012226162394,0.8148012226162394,2.3258379863893626
1.4057887051983262,1.4057887051983262,1.857334378648706
1.654438321134288,2.2295397326308883,2.8773346592305065
1.7963467855704245,1.9629590347378227,1.7963467855704245
1.65923161247252,1.65923161247252,2.355682605218699
0.4355206227533309,0.4355206227533309,1.2507122947565399
0.9618903164013989,1.299841059832122,0.9618903164013989
1.3274037370859508,2.2324850548025457,1.3274037370859508
1.4729984154209368,1.4729984154209368,1.978490101885097
1.1812793623102418,1.1812793623102418,0.619431263823337
0.06178609938164625,1.6852405191479707,1.3951404194220658
2.563251354098702,1.1829358042324698,1.1829358042324698
1.4829035279369496,2.5828413909586305,1.4829035279369496
1.4206835027748226,1.057482162438845,1.4206835027748226
-0.2549816815940269,-0.2549816815940269,3.209047372035919
1.8063351095100737,2.5479580597818035,1.8063351095100737
0.1732518620675696,0.1732518620675696,2.597217681545525
-0.6090831184859662,0.862381210518508,0.862381210518508
1.3577664631040673,1.3577664631040673,3.4109886723371066
0.5338604300076828,2.497416587227213,3.248678309469006
1.3672190257198298,1.3672190257198298,1.2827107587515807
0.5318389677869648,1.5245834179159805,1.96191341254418
0.07291349958931792,0.7804311191088952,0.07291349958931792
1.583517285939954,2.147880240394652,1.583517285939954
0.21140379650199903,0.21140379650199903,2.5870568951533532
0.8129769458967562,0.8129769458967562,2.6411993675655
0.8250157880435145,2.7266142570035568,0.8250157880435145
-0.08722305047522694,-0.01917061938012221,3.9101782594332413
0.3404905255522914,1.696443191420745,4.340720805100107
1.5613312443506764,2.5146070512205925,1.5613312443506764
1.423594871065452,2.558906265966948,1.423594871065452
2.0448581825198824,1.5861633711666245,2.0448581825198824
1.3155647803346078,0.7338484548684684,1.3155647803346078
-0.1468541606132423,-0.1468541606132423,0.410387764195036
1.4107585070075221,1.4107585070075221,1.591706096713722
0.4897836865047428,0.4897836865047428,0.28260217544454735
1.2141430101787551,1.23222941800136,0.5803462027217827
-0.0703022457101885,1.2380196510848822,-0.0703022457101885
1.6867348982373376,1.138192769439531,2.151924047076026
0.7690353980935909,0.7690353980935909,3.2126062680030483
2.0581402844791192,1.9799886892575023,2.0581402844791192
1.3202464281970916,1.9221848798747556,1.3202464281970916
-0.1871459270151299,-0.20934461875692567,1.9946372007118898
1.5037713389445853,1.1993678397803942,1.5037713389445853
1.0858737954690545,-0.37469303272494536,1.0858737954690545
0.7860591229479542,0.578470359713915,0.7860591229479542
0.5589071990403616,0.4991818858575805,0.5589071990403616
0.873025148367059,0.873025148367059,2.6203279616412205
1.329123586608955,1.7558353590359472,1.329123586608955
0.8890312286091618,0.8890312286091618,1.4792644507333135
-0.5747758670298921,1.56526816689488,1.8138809508074005
1.246375736252493,0.2025683891712835,1.246375736252493
0.7331016770987961,1.7216786811920841,3.2514963052262678
1.0008777945404985,1.890062847091775,1.0008777945404985
0.6523249032386663,0.6523249032386663,4.124470183686498
0.7244808448901112,-0.25149523966037823,0.7244808448901112
0.9496231138530119,0.8121582988947148,0.9496231138530119
0.588987564249291,0.588987564249291,3.6372327261130324
1.144186115469691,2.5020273442295613,3.1533777012701916
1.1852089265192036,-0.06812952069014733,1.1852089265192036
1.5235610406356388,1.5235610406356388,1.1451930489611377
1.1742334730427322,1.741388834455481,1.8600047947979603
0.08641556404767659,0.08641556404767659,2.3813167235643284
0.9513607537762314,2.1614043176348408,0.9513607537762314
1.7169163000422942,0.35438834112897455,0.9765303079341998
0.6262412344971955,1.1058074842891614,0.32256893138244735
-0.10931294511355749,2.0705766667751258,2.8705753408774366
-0.03394292455811243,1.7996048814716674,1.9844793944167982
0.5499146641249275,0.5499146641249275,2.1786535293404716
1.5101266856246744,1.0301998230177556,1.5101266856246744
1.4417140882651038,1.4417140882651038,1.503048489232681
1.227035580675097,1.5789409788482982,3.062442239292542
1.662768873284825,0.6354045271054933,1.2228978247306577
-0.05329825254806564,2.108025995635728,-0.05329825254806564
1.1056969317373893,1.1056969317373893,2.0118184933304817
0.07745530754689933,1.0716671443982064,1.3088611517409405
1.1783282692086556,2.1721040068404864,1.1783282692086556
1.1840099621601823,1.1748306067296261,1.1840099621601823
1.5593964133822233,1.5631824890565318,0.6516303640156391
1.3048597188828153,1.1726779054636651,3.0400351765371947
1.3024633842296662,1.4982275775411835,1.3024633842296662
1.0122505432929596,1.0122505432929596,1.405823462268164
1.145482438472713,1.145482438472713,3.9577274138493315
1.2465676083321093,1.2644290499642377,1.2465676083321093
0.5820595263968383,0.5820595263968383,0.6767247050174472
-0.2425475499158023,-0.2425475499158023,0.06159579036491136
1.0292063297653178,1.0292063297653178,1.7416718141119918
0.05339461982293603,0.05339461982293603,0.9397081563518563
1.7360782610505274,1.8394862074784255,1.7360782610505274
1.6894293425661013,0.7229251823993766,1.6894293425661013
0.34465730084697593,0.34465730084697593,1.4289964935385253
-0.3577870851901861,-0.3577870851901861,2.156013753734035
0.7382023858945168,0.7382023858945168,0.9556265158386386
-0.2210676930159925,0.34196540068300574,2.522287801950374
1.2800550175767547,2.4666634911953444,1.2800550175767547
-0.0035161171892753584,-0.0035161171892753584,2.61425473432344
0.3388529064111082,0.05527356003809003,0.3388529064111082
0.6302926144703239,0.14425097408551157,0.6302926144703239
-0.1714635964130493,0.5739453877833405,0.5739453877833405
1.1624244460780329,0.9616509293218496,1.1624244460780329
1.0724234296712198,0.3305639523435029,2.1421179784464117
0.7390475673751322,1.6741229458236149,1.462059688726828
0.561457751397826,0.561457751397826,3.4262224912609653
2.217414658974533,2.425565681773154,3.445223896342413
1.8509096268852128,0.3532442467028103,2.2865899204389177
0.8018956003751443,0.23812719642029467,0.8018956003751443
0.027478577018915096,2.262378778728854,2.56742117417539
2.0395084894593243,1.0376028225121856,1.0376028225121856
0.8757138619979422,-0.24313447244367437,0.8757138619979422
-0.43191517672449,1.8595532474869345,2.706616258822634
2.2480228327987826,2.024357128388875,3.3664288564568303
0.6510971627004885,0.6510971627004885,2.1030883341257645
0.8645767935899201,3.2034287648206554,0.8645767935899201
2.521359698295799,1.2714089935081654,1.2714089935081654
0.69508357769913,0.69508357769913,3.6950600724741887
0.20045090576219493,-0.5229970716455927,1.85863457244022
1.1181313003301634,1.5501387772277044,1.1181313003301634
1.4201412343192839,1.4039166886350494,1.4201412343192839
2.8297472187596306,0.4940083883593924,1.0499612925392892
0.8142861419012835,0.8142861419012835,-0.8083448568857561
0.8145966452583184,0.8145966452583184,2.0502339369718587
1.7491765268415715,0.9785275784731486,0.9785275784731486
1.0477405086713951,2.8351574210445065,1.2253443336975125
0.8238086593282654,1.9626841003854536,0.8238086593282654
0.7000046483969967,1.2198037522410414,0.7000046483969967
0.5993525337038996,0.5993525337038996,2.8391538990068375
1.938219248313231,2.2579476986061775,1.0527176788231851
1.1038218678420104,-0.28813496373860903,1.1038218678420104
1.409445464025148,3.399417416614699,1.409445464025148
1.2530388236693075,2.2133777481261965,2.3683772642814325
0.9989077048463719,0.7190527615637063,0.9989077048463719
0.7334498578093139,0.9989273705205128,0.7334498578093139
1.0316177454159177,0.1859417404300614,1.0316177454159177
0.08189799839017775,1.516970347530126,1.5567331124138077
0.5335570335583194,0.5335570335583194,0.5335570335583194
1.972120281031501,1.3726054386985382,2.392502534921853
1.34173954560311,-0.25127875145615186,1.4497997508162817
0.20755983885186424,1.2073098224063268,2.0491810066391505
1.7396734843728705,1.8652743065984034,1.7396734843728705
0.7005393516029259,3.0127562061058093,3.5784119439486064
1.5414773788740441,1.6143530371064185,1.5414773788740441
0.8871556900696467,1.4370124217890134,1.815234452114484
1.495903713647042,1.6345089369111392,1.495903713647042
0.46882432405405083,0.46882432405405083,2.0264563483969504
0.6500067055636136,3.037624511371475,0.6500067055636136
0.2933866883956206,0.2933866883956206,1.6922986112733054
0.3749331937956204,1.9421874139296444,0.3749331937956204
1.8532269016067477,0.2851285941005275,1.0323023889226728
0.622801768588976,0.622801768588976,3.676055059221791
1.6067881770826833,1.8336045462164863,1.6067881770826833
1.61870649276747,2.3080397756452466,1.907257332655642
1.3143293292915827,0.0636008465185185,3.297509037865187
1.0511936947602754,1.0511936947602754,1.4175726267759936
0.7661849988797425,2.513505103431294,0.7661849988797425
1.2128322626070218,1.979684039481377,3.020499108821153
1.2386736297388008,0.8999893820735897,1.2386736297388008
1.409820151991384,1.8907289541887056,3.1138100983932224
0.5548148330355422,1.9878082956065541,1.8973108760948423
1.2538353100166144,0.6774859448200746,1.4690612607013234
0.27417979738204407,0.27417979738204407,0.27417979738204407
0.9467857688780277,0.9467857688780277,1.8102750831203969
0.265697372044839,2.900433940873779,1.375117854358714
1.883177974134201,1.8501414722400389,-0.37392314061370246
0.5812018549326595,-0.16906546669817413,1.0074130689692353
0.9875121535472058,0.9875121535472058,1.8406821777337536
1.1093518531101465,1.0425314052835173,1.1093518531101465
1.099695368344885,1.099695368344885,1.7301579810441001
0.12759301425996072,2.093728634295764,3.24392660155958
0.9018567207299335,2.0239418126317563,0.9018567207299335
-0.33945536185640424,0.9088169356780962,0.9088169356780962
0.28671117748293506,2.7306658014029805,0.28671117748293506
1.259307433111921,1.28014958161998,1.259307433111921
0.9468131736136861,2.1255079552693044,0.9468131736136861
0.5985521996745313,3.7595647402698007,0.5985521996745313
-0.06445971722014399,-0.06445971722014399,1.1540411397901502
1.3081071476105375,0.8452631571679949,2.789112206720537
1.3326435441748026,1.2378161333334614,1.3326435441748026
1.7742968929709817,0.8317326742495962,1.7742968929709817
1.437357977349542,0.3023802020451103,1.437357977349542
0.4763370122021212,0.4763370122021212,2.1582516454819825
0.6171999476073715,0.13555877692603802,0.6171999476073715
1.095515212749133,1.095515212749133,2.977231691274307
-0.10256554189371014,2.534733761252622,-0.10256554189371014
1.2050062355372655,1.578571625542395,2.8585795951376767
0.03362991581496,0.03362991581496,2.777162147345677
1.4382223199530513,1.8836692133655708,1.4382223199530513
0.19428956238647355,-0.2598863801123943,0.19428956238647355
0.9503114151422825,0.9503114151422825,0.5704633389163527
0.5011931398021933,0.5011931398021933,0.35469402668219896
2.0097214530799676,-0.9874709684163783,2.0097214530799676
1.9831718739665325,2.4173596453065818,1.9831718739665325
0.42737454171826994,1.755789626214847,1.755789626214847
0.025725728788786095,0.025725728788786095,2.798251025469804
0.5925545981431368,2.129496746620222,0.5925545981431368
0.6544050132699961,0.6544050132699961,1.9685199689595265
1.3372014704085353,2.724226824383403,1.3372014704085353
1.8029584237328238,1.771708955427133,1.4192579087826487
2.8929595731708977,2.1650003754746714,2.7008126361798293
1.616946615073028,1.616946615073028,1.89118767922434
1.160155823468367,1.160155823468367,1.8716282415045875
1.0461809160173459,2.387940482787146,1.0461809160173459
1.021718237166773,1.021718237166773,1.384831505774713
2.2309020919381926,1.368493765221311,0.7633583804162964
0.8776289082904454,0.8776289082904454,1.9289674663891552
1.645992826065143,1.8297071809887322,1.6315702530046612
1.25428730153171,2.8210048384070303,1.25428730153171
1.578284954086264,0.8531486269786283,1.425856945836541
1.1077532400601378,0.7727614253789808,1.1077532400601378
0.6609781307514107,1.4574047949655355,3.711052464437933
1.4724853009319436,3.4345705811493694,1.4724853009319436
1.322063616057972,1.882643373769844,3.750698565888688
0.11755471487395397,0.11755471487395397,1.8020027880248808
1.4397092608653903,1.7504814620817322,1.4397092608653903
0.500552116519368,0.500552116519368,1.0860083849222675
0.6895051660210552,2.119417771650306,0.6895051660210552
0.5369158444200832,1.6428650467654988,1.6428650467654988
1.167066172765904,2.262352203072685,1.167066172765904
0.5900146726090005,1.2477893572859453,0.5900146726090005
0.915588998210134,0.915588998210134,0.7285626203167095
0.23184141551046944,0.23184141551046944,0.48383377323403143
1.4802186140630333,1.4802186140630333,2.6676131785276627
0.9221460962458696,0.9221460962458696,2.087236345455327
1.3734812129878726,0.7565842974062587,0.7565842974062587
0.3383076241246089,-0.3469915734102422,0.3383076241246089
1.1905362182410266,1.1832718468272518,1.1905362182410266
0.735865079323289,2.4985888540562904,3.142550441477037
1.0904252054235786,0.5349453048971733,1.0904252054235786
0.44705853173808907,3.108098660457297,2.4279033307187103
1.3805455346984474,2.3045627422322883,1.3805455346984474
0.5247020661684064,0.5247020661684064,2.9655840604734736
0.9796874404903971,0.9796874404903971,2.0109828942863857
0.7192579223135738,1.6622710647219425,0.7192579223135738
0.6636373141251484,0.6636373141251484,0.6636373141251484
0.8839436483190073,2.6861111720874016,0.8839436483190073
1.0537598020937085,3.306773304237162,1.0537598020937085
2.443886354365649,2.519716507501575,1.9995692419971918
1.9882488306513995,0.4910536435017061,1.0703918562750823
0.48173518090556233,1.3186117439265232,0.15811116326336538
1.6100445408193722,2.2278123676884927,1.6100445408193722
1.153626977653235,1.153626977653235,1.8791078132841923
0.2655345724547268,1.456506123943274,0.2655345724547268
1.3659759115111458,1.7026487734735096,2.301155321077606
0.9348210665373163,0.9348210665373163,1.4765665535616672
2.1308083523342445,0.9598749901881551,1.9704107828390205
-0.16785371289554862,0.7992341062366861,3.655878124973291
2.112924287635732,2.613890748555263,2.112924287635732
2.5976754161930433,-0.3719757726996522,4.1023779388566215
2.126819594801684,1.8701450884699888,2.5085367940094354
1.2703510027615155,2.2508704230872647,1.2703510027615155
0.688917498979265,1.649279905063443,0.688917498979265
1.332553252744754,2.7789874671889523,0.7914403824135514
1.4569722760973531,1.4569722760973531,0.8118482077587592
