n_agents,n_arms,agent_to_arm_ratio,std,collision_policy,epsilon,seed,steps,group_total_reward,mean_agent_reward,collision_rate,reward_inequality
1,3,0.3333333333333333,1.0,zero_on_collision,0.0,0,1000,1016.7184250328304,1016.7184250328304,0.0,0.0
1,3,0.3333333333333333,1.0,zero_on_collision,0.0,1,1000,916.4306790468802,916.4306790468802,0.0,0.0
1,3,0.3333333333333333,1.0,zero_on_collision,0.0,2,1000,978.5685597728573,978.5685597728573,0.0,0.0
1,3,0.3333333333333333,1.0,zero_on_collision,0.0,3,1000,1061.2278238523745,1061.2278238523745,0.0,0.0
1,3,0.3333333333333333,1.0,zero_on_collision,0.0,4,1000,955.7771313657066,955.7771313657066,0.0,0.0
1,3,0.3333333333333333,1.0,zero_on_collision,0.0,5,1000,991.0201343116751,991.0201343116751,0.0,0.0
1,3,0.3333333333333333,1.0,zero_on_collision,0.0,6,1000,981.9607838402733,981.9607838402733,0.0,0.0
1,3,0.3333333333333333,1.0,zero_on_collision,0.0,7,1000,1007.7588248377813,1007.7588248377813,0.0,0.0
1,3,0.3333333333333333,1.0,zero_on_collision,0.0,8,1000,995.68437071856,995.68437071856,0.0,0.0
1,3,0.3333333333333333,1.0,zero_on_collision,0.0,9,1000,986.9417265144066,986.9417265144066,0.0,0.0
1,3,0.3333333333333333,1.0,zero_on_collision,0.0,10,1000,1525.9193857385249,1525.9193857385249,0.0,0.0
1,3,0.3333333333333333,1.0,zero_on_collision,0.0,11,1000,1465.652612852833,1465.652612852833,0.0,0.0
1,3,0.3333333333333333,1.0,zero_on_collision,0.0,12,1000,1476.9002733435868,1476.9002733435868,0.0,0.0
1,3,0.3333333333333333,1.0,zero_on_collision,0.0,13,1000,987.4939791159915,987.4939791159915,0.0,0.0
1,3,0.3333333333333333,1.0,zero_on_collision,0.0,14,1000,1034.6616514336233,1034.6616514336233,0.0,0.0
1,3,0.3333333333333333,1.0,zero_on_collision,0.0,15,1000,1044.7999599267102,1044.7999599267102,0.0,0.0
1,3,0.3333333333333333,1.0,zero_on_collision,0.0,16,1000,1531.8041109032042,1531.8041109032042,0.0,0.0
1,3,0.3333333333333333,1.0,zero_on_collision,0.0,17,1000,983.661090217945,983.661090217945,0.0,0.0
1,3,0.3333333333333333,1.0,zero_on_collision,0.0,18,1000,1007.6490040531617,1007.6490040531617,0.0,0.0
1,3,0.3333333333333333,1.0,zero_on_collision,0.0,19,1000,1009.0272483881806,1009.0272483881806,0.0,0.0
1,3,0.3333333333333333,1.0,zero_on_collision,0.0,20,1000,2006.2564482554292,2006.2564482554292,0.0,0.0
1,3,0.3333333333333333,1.0,zero_on_collision,0.0,21,1000,1027.5557861981363,1027.5557861981363,0.0,0.0
1,3,0.3333333333333333,1.0,zero_on_collision,0.0,22,1000,981.589221254432,981.589221254432,0.0,0.0
1,3,0.3333333333333333,1.0,zero_on_collision,0.0,23,1000,960.2646002346427,960.2646002346427,0.0,0.0
1,3,0.3333333333333333,1.0,zero_on_collision,0.0,24,1000,966.6609606862235,966.6609606862235,0.0,0.0
1,3,0.3333333333333333,1.0,zero_on_collision,0.0,25,1000,1001.4125483330295,1001.4125483330295,0.0,0.0
1,3,0.3333333333333333,1.0,zero_on_collision,0.0,26,1000,1016.4005928469559,1016.4005928469559,0.0,0.0
1,3,0.3333333333333333,1.0,zero_on_collision,0.0,27,1000,1421.8611806830554,1421.8611806830554,0.0,0.0
1,3,0.3333333333333333,1.0,zero_on_collision,0.0,28,1000,986.6927909225844,986.6927909225844,0.0,0.0
1,3,0.3333333333333333,1.0,zero_on_collision,0.0,29,1000,1507.7163740059927,1507.7163740059927,0.0,0.0
1,3,0.3333333333333333,1.0,zero_on_collision,0.0,30,1000,1005.9860567120124,1005.9860567120124,0.0,0.0
1,3,0.3333333333333333,1.0,zero_on_collision,0.0,31,1000,936.2346565116587,936.2346565116587,0.0,0.0
1,3,0.3333333333333333,1.0,zero_on_collision,0.0,32,1000,1077.444904848208,1077.444904848208,0.0,0.0
1,3,0.3333333333333333,1.0,zero_on_collision,0.0,33,1000,1557.8033758708148,1557.8033758708148,0.0,0.0
1,3,0.3333333333333333,1.0,zero_on_collision,0.0,34,1000,1477.2169620068746,1477.2169620068746,0.0,0.0
1,3,0.3333333333333333,1.0,zero_on_collision,0.0,35,1000,1032.448399177845,1032.448399177845,0.0,0.0
1,3,0.3333333333333333,1.0,zero_on_collision,0.0,36,1000,1075.586115244103,1075.586115244103,0.0,0.0
1,3,0.3333333333333333,1.0,zero_on_collision,0.0,37,1000,1017.8648990785781,1017.8648990785781,0.0,0.0
1,3,0.3333333333333333,1.0,zero_on_collision,0.0,38,1000,1444.062028854817,1444.062028854817,0.0,0.0
1,3,0.3333333333333333,1.0,zero_on_collision,0.0,39,1000,1021.8916200161624,1021.8916200161624,0.0,0.0
1,3,0.3333333333333333,1.0,zero_on_collision,0.0,40,1000,963.3237648457045,963.3237648457045,0.0,0.0
1,3,0.3333333333333333,1.0,zero_on_collision,0.0,41,1000,1008.9408259387428,1008.9408259387428,0.0,0.0
1,3,0.3333333333333333,1.0,zero_on_collision,0.0,42,1000,1000.9891202962145,1000.9891202962145,0.0,0.0
1,3,0.3333333333333333,1.0,zero_on_collision,0.0,43,1000,969.4751265567248,969.4751265567248,0.0,0.0
1,3,0.3333333333333333,1.0,zero_on_collision,0.0,44,1000,1536.7073897671419,1536.7073897671419,0.0,0.0
1,3,0.3333333333333333,1.0,zero_on_collision,0.0,45,1000,987.6925261645395,987.6925261645395,0.0,0.0
1,3,0.3333333333333333,1.0,zero_on_collision,0.0,46,1000,1539.6830363841673,1539.6830363841673,0.0,0.0
1,3,0.3333333333333333,1.0,zero_on_collision,0.0,47,1000,956.3624972345,956.3624972345,0.0,0.0
1,3,0.3333333333333333,1.0,zero_on_collision,0.0,48,1000,965.3331255104025,965.3331255104025,0.0,0.0
1,3,0.3333333333333333,1.0,zero_on_collision,0.0,49,1000,978.899715824375,978.899715824375,0.0,0.0
1,3,0.3333333333333333,1.0,zero_on_collision,0.01,0,1000,1741.967332743102,1741.967332743102,0.0,0.0
1,3,0.3333333333333333,1.0,zero_on_collision,0.01,1,1000,1911.376413760675,1911.376413760675,0.0,0.0
1,3,0.3333333333333333,1.0,zero_on_collision,0.01,2,1000,1699.893006886523,1699.893006886523,0.0,0.0
1,3,0.3333333333333333,1.0,zero_on_collision,0.01,3,1000,1946.1336012199017,1946.1336012199017,0.0,0.0
1,3,0.3333333333333333,1.0,zero_on_collision,0.01,4,1000,998.4488665940023,998.4488665940023,0.0,0.0
1,3,0.3333333333333333,1.0,zero_on_collision,0.01,5,1000,1986.5080540293893,1986.5080540293893,0.0,0.0
1,3,0.3333333333333333,1.0,zero_on_collision,0.01,6,1000,1376.2352245147454,1376.2352245147454,0.0,0.0
1,3,0.3333333333333333,1.0,zero_on_collision,0.01,7,1000,1721.501699491581,1721.501699491581,0.0,0.0
1,3,0.3333333333333333,1.0,zero_on_collision,0.01,8,1000,1854.0606982624095,1854.0606982624095,0.0,0.0
1,3,0.3333333333333333,1.0,zero_on_collision,0.01,9,1000,1982.2614176385807,1982.2614176385807,0.0,0.0
1,3,0.3333333333333333,1.0,zero_on_collision,0.01,10,1000,1906.5686992354974,1906.5686992354974,0.0,0.0
1,3,0.3333333333333333,1.0,zero_on_collision,0.01,11,1000,1617.7892924630287,1617.7892924630287,0.0,0.0
1,3,0.3333333333333333,1.0,zero_on_collision,0.01,12,1000,1490.509217809079,1490.509217809079,0.0,0.0
1,3,0.3333333333333333,1.0,zero_on_collision,0.01,13,1000,1896.8122209952644,1896.8122209952644,0.0,0.0
1,3,0.3333333333333333,1.0,zero_on_collision,0.01,14,1000,1789.08988646961,1789.08988646961,0.0,0.0
1,3,0.3333333333333333,1.0,zero_on_collision,0.01,15,1000,1498.3645777367178,1498.3645777367178,0.0,0.0
1,3,0.3333333333333333,1.0,zero_on_collision,0.01,16,1000,1958.9286729625317,1958.9286729625317,0.0,0.0
1,3,0.3333333333333333,1.0,zero_on_collision,0.01,17,1000,1466.2473937829236,1466.2473937829236,0.0,0.0
1,3,0.3333333333333333,1.0,zero_on_collision,0.01,18,1000,1723.0103295687143,1723.0103295687143,0.0,0.0
1,3,0.3333333333333333,1.0,zero_on_collision,0.01,19,1000,1684.014234975781,1684.014234975781,0.0,0.0
1,3,0.3333333333333333,1.0,zero_on_collision,0.01,20,1000,2045.1256307938959,2045.1256307938959,0.0,0.0
1,3,0.3333333333333333,1.0,zero_on_collision,0.01,21,1000,1238.0291411446613,1238.0291411446613,0.0,0.0
1,3,0.3333333333333333,1.0,zero_on_collision,0.01,22,1000,1792.8559963445807,1792.8559963445807,0.0,0.0
1,3,0.3333333333333333,1.0,zero_on_collision,0.01,23,1000,1790.971693481139,1790.971693481139,0.0,0.0
1,3,0.3333333333333333,1.0,zero_on_collision,0.01,24,1000,1825.4532075528818,1825.4532075528818,0.0,0.0
1,3,0.3333333333333333,1.0,zero_on_collision,0.01,25,1000,1143.1322002579573,1143.1322002579573,0.0,0.0
1,3,0.3333333333333333,1.0,zero_on_collision,0.01,26,1000,1908.025698153094,1908.025698153094,0.0,0.0
1,3,0.3333333333333333,1.0,zero_on_collision,0.01,27,1000,1914.0721898998238,1914.0721898998238,0.0,0.0
1,3,0.3333333333333333,1.0,zero_on_collision,0.01,28,1000,1442.3806289034978,1442.3806289034978,0.0,0.0
1,3,0.3333333333333333,1.0,zero_on_collision,0.01,29,1000,1513.8160662752355,1513.8160662752355,0.0,0.0
1,3,0.3333333333333333,1.0,zero_on_collision,0.01,30,1000,1308.583179421865,1308.583179421865,0.0,0.0
1,3,0.3333333333333333,1.0,zero_on_collision,0.01,31,1000,1742.8145775967898,1742.8145775967898,0.0,0.0
1,3,0.3333333333333333,1.0,zero_on_collision,0.01,32,1000,1992.6143098450807,1992.6143098450807,0.0,0.0
1,3,0.3333333333333333,1.0,zero_on_collision,0.01,33,1000,1671.1142958628345,1671.1142958628345,0.0,0.0
1,3,0.3333333333333333,1.0,zero_on_collision,0.01,34,1000,1614.99848183124,1614.99848183124,0.0,0.0
1,3,0.3333333333333333,1.0,zero_on_collision,0.01,35,1000,1955.8123311880454,1955.8123311880454,0.0,0.0
1,3,0.3333333333333333,1.0,zero_on_collision,0.01,36,1000,1695.6494584412246,1695.6494584412246,0.0,0.0
1,3,0.3333333333333333,1.0,zero_on_collision,0.01,37,1000,1974.344898047083,1974.344898047083,0.0,0.0
1,3,0.3333333333333333,1.0,zero_on_collision,0.01,38,1000,1433.8829831515125,1433.8829831515125,0.0,0.0
1,3,0.3333333333333333,1.0,zero_on_collision,0.01,39,1000,2019.2576591488896,2019.2576591488896,0.0,0.0
1,3,0.3333333333333333,1.0,zero_on_collision,0.01,40,1000,1997.532467166598,1997.532467166598,0.0,0.0
1,3,0.3333333333333333,1.0,zero_on_collision,0.01,41,1000,1631.202528513317,1631.202528513317,0.0,0.0
1,3,0.3333333333333333,1.0,zero_on_collision,0.01,42,1000,1045.7906439518133,1045.7906439518133,0.0,0.0
1,3,0.3333333333333333,1.0,zero_on_collision,0.01,43,1000,1668.7335625243975,1668.7335625243975,0.0,0.0
1,3,0.3333333333333333,1.0,zero_on_collision,0.01,44,1000,1520.8744169016054,1520.8744169016054,0.0,0.0
1,3,0.3333333333333333,1.0,zero_on_collision,0.01,45,1000,1718.504382345603,1718.504382345603,0.0,0.0
1,3,0.3333333333333333,1.0,zero_on_collision,0.01,46,1000,1989.429842265394,1989.429842265394,0.0,0.0
1,3,0.3333333333333333,1.0,zero_on_collision,0.01,47,1000,1631.8905434556896,1631.8905434556896,0.0,0.0
1,3,0.3333333333333333,1.0,zero_on_collision,0.01,48,1000,1352.9337896538234,1352.9337896538234,0.0,0.0
1,3,0.3333333333333333,1.0,zero_on_collision,0.01,49,1000,1177.7407224745355,1177.7407224745355,0.0,0.0
1,3,0.3333333333333333,1.0,zero_on_collision,0.05,0,1000,1997.7258043727834,1997.7258043727834,0.0,0.0
1,3,0.3333333333333333,1.0,zero_on_collision,0.05,1,1000,1579.0301963077063,1579.0301963077063,0.0,0.0
1,3,0.3333333333333333,1.0,zero_on_collision,0.05,2,1000,1888.104909098375,1888.104909098375,0.0,0.0
1,3,0.3333333333333333,1.0,zero_on_collision,0.05,3,1000,1490.9232776440178,1490.9232776440178,0.0,0.0
1,3,0.3333333333333333,1.0,zero_on_collision,0.05,4,1000,1939.0728663892444,1939.0728663892444,0.0,0.0
1,3,0.3333333333333333,1.0,zero_on_collision,0.05,5,1000,1880.9628801632416,1880.9628801632416,0.0,0.0
1,3,0.3333333333333333,1.0,zero_on_collision,0.05,6,1000,1862.3701965506339,1862.3701965506339,0.0,0.0
1,3,0.3333333333333333,1.0,zero_on_collision,0.05,7,1000,1953.371214584387,1953.371214584387,0.0,0.0
1,3,0.3333333333333333,1.0,zero_on_collision,0.05,8,1000,1948.850574169933,1948.850574169933,0.0,0.0
1,3,0.3333333333333333,1.0,zero_on_collision,0.05,9,1000,1902.989810038513,1902.989810038513,0.0,0.0
1,3,0.3333333333333333,1.0,zero_on_collision,0.05,10,1000,1819.043548498598,1819.043548498598,0.0,0.0
1,3,0.3333333333333333,1.0,zero_on_collision,0.05,11,1000,1962.4753299690385,1962.4753299690385,0.0,0.0
1,3,0.3333333333333333,1.0,zero_on_collision,0.05,12,1000,1841.3278241988608,1841.3278241988608,0.0,0.0
1,3,0.3333333333333333,1.0,zero_on_collision,0.05,13,1000,1974.4476188106883,1974.4476188106883,0.0,0.0
1,3,0.3333333333333333,1.0,zero_on_collision,0.05,14,1000,1935.776977541278,1935.776977541278,0.0,0.0
1,3,0.3333333333333333,1.0,zero_on_collision,0.05,15,1000,1888.5933478623194,1888.5933478623194,0.0,0.0
1,3,0.3333333333333333,1.0,zero_on_collision,0.05,16,1000,1940.9317085404816,1940.9317085404816,0.0,0.0
1,3,0.3333333333333333,1.0,zero_on_collision,0.05,17,1000,1967.4860779221176,1967.4860779221176,0.0,0.0
1,3,0.3333333333333333,1.0,zero_on_collision,0.05,18,1000,1893.9383877237722,1893.9383877237722,0.0,0.0
1,3,0.3333333333333333,1.0,zero_on_collision,0.05,19,1000,1888.8795798287895,1888.8795798287895,0.0,0.0
1,3,0.3333333333333333,1.0,zero_on_collision,0.05,20,1000,1983.4452830525995,1983.4452830525995,0.0,0.0
1,3,0.3333333333333333,1.0,zero_on_collision,0.05,21,1000,1841.1130629037848,1841.1130629037848,0.0,0.0
1,3,0.3333333333333333,1.0,zero_on_collision,0.05,22,1000,1968.0135866579037,1968.0135866579037,0.0,0.0
1,3,0.3333333333333333,1.0,zero_on_collision,0.05,23,1000,1992.1234369743709,1992.1234369743709,0.0,0.0
1,3,0.3333333333333333,1.0,zero_on_collision,0.05,24,1000,1795.6127330138427,1795.6127330138427,0.0,0.0
1,3,0.3333333333333333,1.0,zero_on_collision,0.05,25,1000,1926.22712598337,1926.22712598337,0.0,0.0
1,3,0.3333333333333333,1.0,zero_on_collision,0.05,26,1000,1789.0659338456162,1789.0659338456162,0.0,0.0
1,3,0.3333333333333333,1.0,zero_on_collision,0.05,27,1000,1946.2717469302197,1946.2717469302197,0.0,0.0
1,3,0.3333333333333333,1.0,zero_on_collision,0.05,28,1000,1891.1169931166994,1891.1169931166994,0.0,0.0
1,3,0.3333333333333333,1.0,zero_on_collision,0.05,29,1000,1937.2269527235705,1937.2269527235705,0.0,0.0
1,3,0.3333333333333333,1.0,zero_on_collision,0.05,30,1000,1920.655096231414,1920.655096231414,0.0,0.0
1,3,0.3333333333333333,1.0,zero_on_collision,0.05,31,1000,1791.9920627977738,1791.9920627977738,0.0,0.0
1,3,0.3333333333333333,1.0,zero_on_collision,0.05,32,1000,1987.0034536854032,1987.0034536854032,0.0,0.0
1,3,0.3333333333333333,1.0,zero_on_collision,0.05,33,1000,2025.359358765955,2025.359358765955,0.0,0.0
1,3,0.3333333333333333,1.0,zero_on_collision,0.05,34,1000,1958.5008603283134,1958.5008603283134,0.0,0.0
1,3,0.3333333333333333,1.0,zero_on_collision,0.05,35,1000,2000.2047611936644,2000.2047611936644,0.0,0.0
1,3,0.3333333333333333,1.0,zero_on_collision,0.05,36,1000,1872.569571788974,1872.569571788974,0.0,0.0
1,3,0.3333333333333333,1.0,zero_on_collision,0.05,37,1000,2030.5522566821073,2030.5522566821073,0.0,0.0
1,3,0.3333333333333333,1.0,zero_on_collision,0.05,38,1000,1874.4182946898159,1874.4182946898159,0.0,0.0
1,3,0.3333333333333333,1.0,zero_on_collision,0.05,39,1000,1985.0021621439478,1985.0021621439478,0.0,0.0
1,3,0.3333333333333333,1.0,zero_on_collision,0.05,40,1000,1933.8681837359672,1933.8681837359672,0.0,0.0
1,3,0.3333333333333333,1.0,zero_on_collision,0.05,41,1000,1913.3068451330541,1913.3068451330541,0.0,0.0
1,3,0.3333333333333333,1.0,zero_on_collision,0.05,42,1000,1904.094916683262,1904.094916683262,0.0,0.0
1,3,0.3333333333333333,1.0,zero_on_collision,0.05,43,1000,1931.8311526585574,1931.8311526585574,0.0,0.0
1,3,0.3333333333333333,1.0,zero_on_collision,0.05,44,1000,1940.6368445308956,1940.6368445308956,0.0,0.0
1,3,0.3333333333333333,1.0,zero_on_collision,0.05,45,1000,2026.9325053032505,2026.9325053032505,0.0,0.0
1,3,0.3333333333333333,1.0,zero_on_collision,0.05,46,1000,1960.8502996143397,1960.8502996143397,0.0,0.0
1,3,0.3333333333333333,1.0,zero_on_collision,0.05,47,1000,1922.847246693276,1922.847246693276,0.0,0.0
1,3,0.3333333333333333,1.0,zero_on_collision,0.05,48,1000,1867.448627851326,1867.448627851326,0.0,0.0
1,3,0.3333333333333333,1.0,zero_on_collision,0.05,49,1000,1863.6980420016957,1863.6980420016957,0.0,0.0
1,3,0.3333333333333333,1.0,zero_on_collision,0.1,0,1000,1950.9462688291503,1950.9462688291503,0.0,0.0
1,3,0.3333333333333333,1.0,zero_on_collision,0.1,1,1000,1926.3927432210398,1926.3927432210398,0.0,0.0
1,3,0.3333333333333333,1.0,zero_on_collision,0.1,2,1000,1849.5458249791254,1849.5458249791254,0.0,0.0
1,3,0.3333333333333333,1.0,zero_on_collision,0.1,3,1000,1898.4192025564826,1898.4192025564826,0.0,0.0
1,3,0.3333333333333333,1.0,zero_on_collision,0.1,4,1000,1950.1644819042808,1950.1644819042808,0.0,0.0
1,3,0.3333333333333333,1.0,zero_on_collision,0.1,5,1000,1917.8646761779733,1917.8646761779733,0.0,0.0
1,3,0.3333333333333333,1.0,zero_on_collision,0.1,6,1000,1908.2524198464225,1908.2524198464225,0.0,0.0
1,3,0.3333333333333333,1.0,zero_on_collision,0.1,7,1000,2008.2965023539123,2008.2965023539123,0.0,0.0
1,3,0.3333333333333333,1.0,zero_on_collision,0.1,8,1000,1914.3671158262798,1914.3671158262798,0.0,0.0
1,3,0.3333333333333333,1.0,zero_on_collision,0.1,9,1000,1958.478121694122,1958.478121694122,0.0,0.0
1,3,0.3333333333333333,1.0,zero_on_collision,0.1,10,1000,1948.869223151843,1948.869223151843,0.0,0.0
1,3,0.3333333333333333,1.0,zero_on_collision,0.1,11,1000,1968.781698764393,1968.781698764393,0.0,0.0
1,3,0.3333333333333333,1.0,zero_on_collision,0.1,12,1000,1894.3328137451622,1894.3328137451622,0.0,0.0
1,3,0.3333333333333333,1.0,zero_on_collision,0.1,13,1000,1935.7094958026432,1935.7094958026432,0.0,0.0
1,3,0.3333333333333333,1.0,zero_on_collision,0.1,14,1000,1910.8510543251869,1910.8510543251869,0.0,0.0
1,3,0.3333333333333333,1.0,zero_on_collision,0.1,15,1000,1951.5916862422496,1951.5916862422496,0.0,0.0
1,3,0.3333333333333333,1.0,zero_on_collision,0.1,16,1000,1938.9817530421988,1938.9817530421988,0.0,0.0
1,3,0.3333333333333333,1.0,zero_on_collision,0.1,17,1000,1921.608749285176,1921.608749285176,0.0,0.0
1,3,0.3333333333333333,1.0,zero_on_collision,0.1,18,1000,1843.2601107025375,1843.2601107025375,0.0,0.0
1,3,0.3333333333333333,1.0,zero_on_collision,0.1,19,1000,1953.299611728731,1953.299611728731,0.0,0.0
1,3,0.3333333333333333,1.0,zero_on_collision,0.1,20,1000,1926.7790588276782,1926.7790588276782,0.0,0.0
1,3,0.3333333333333333,1.0,zero_on_collision,0.1,21,1000,1849.0192061128569,1849.0192061128569,0.0,0.0
1,3,0.3333333333333333,1.0,zero_on_collision,0.1,22,1000,1949.3284453720169,1949.3284453720169,0.0,0.0
1,3,0.3333333333333333,1.0,zero_on_collision,0.1,23,1000,1977.5109638565316,1977.5109638565316,0.0,0.0
1,3,0.3333333333333333,1.0,zero_on_collision,0.1,24,1000,1954.330085868728,1954.330085868728,0.0,0.0
1,3,0.3333333333333333,1.0,zero_on_collision,0.1,25,1000,1948.8841591887149,1948.8841591887149,0.0,0.0
1,3,0.3333333333333333,1.0,zero_on_collision,0.1,26,1000,1932.7560329562348,1932.7560329562348,0.0,0.0
1,3,0.3333333333333333,1.0,zero_on_collision,0.1,27,1000,1903.215987680223,1903.215987680223,0.0,0.0
1,3,0.3333333333333333,1.0,zero_on_collision,0.1,28,1000,1800.9371286811631,1800.9371286811631,0.0,0.0
1,3,0.3333333333333333,1.0,zero_on_collision,0.1,29,1000,1863.9166909462624,1863.9166909462624,0.0,0.0
1,3,0.3333333333333333,1.0,zero_on_collision,0.1,30,1000,1922.9682016734441,1922.9682016734441,0.0,0.0
1,3,0.3333333333333333,1.0,zero_on_collision,0.1,31,1000,1971.6039013106201,1971.6039013106201,0.0,0.0
1,3,0.3333333333333333,1.0,zero_on_collision,0.1,32,1000,1951.194293219639,1951.194293219639,0.0,0.0
1,3,0.3333333333333333,1.0,zero_on_collision,0.1,33,1000,1990.139080454765,1990.139080454765,0.0,0.0
1,3,0.3333333333333333,1.0,zero_on_collision,0.1,34,1000,1874.573703155655,1874.573703155655,0.0,0.0
1,3,0.3333333333333333,1.0,zero_on_collision,0.1,35,1000,1975.272070986371,1975.272070986371,0.0,0.0
1,3,0.3333333333333333,1.0,zero_on_collision,0.1,36,1000,1929.664684072257,1929.664684072257,0.0,0.0
1,3,0.3333333333333333,1.0,zero_on_collision,0.1,37,1000,1798.7803600829134,1798.7803600829134,0.0,0.0
1,3,0.3333333333333333,1.0,zero_on_collision,0.1,38,1000,1963.1727533428746,1963.1727533428746,0.0,0.0
1,3,0.3333333333333333,1.0,zero_on_collision,0.1,39,1000,1945.6623406000358,1945.6623406000358,0.0,0.0
1,3,0.3333333333333333,1.0,zero_on_collision,0.1,40,1000,1891.3612955177543,1891.3612955177543,0.0,0.0
1,3,0.3333333333333333,1.0,zero_on_collision,0.1,41,1000,1918.5033594127055,1918.5033594127055,0.0,0.0
1,3,0.3333333333333333,1.0,zero_on_collision,0.1,42,1000,1897.8686358598472,1897.8686358598472,0.0,0.0
1,3,0.3333333333333333,1.0,zero_on_collision,0.1,43,1000,1939.7328585866976,1939.7328585866976,0.0,0.0
1,3,0.3333333333333333,1.0,zero_on_collision,0.1,44,1000,1946.677284117043,1946.677284117043,0.0,0.0
1,3,0.3333333333333333,1.0,zero_on_collision,0.1,45,1000,1957.5705175172113,1957.5705175172113,0.0,0.0
1,3,0.3333333333333333,1.0,zero_on_collision,0.1,46,1000,1874.8901264792128,1874.8901264792128,0.0,0.0
1,3,0.3333333333333333,1.0,zero_on_collision,0.1,47,1000,1930.7085637233527,1930.7085637233527,0.0,0.0
1,3,0.3333333333333333,1.0,zero_on_collision,0.1,48,1000,1878.350963414268,1878.350963414268,0.0,0.0
1,3,0.3333333333333333,1.0,zero_on_collision,0.1,49,1000,1961.8291006343304,1961.8291006343304,0.0,0.0
1,3,0.3333333333333333,1.0,zero_on_collision,0.2,0,1000,1904.3393368689447,1904.3393368689447,0.0,0.0
1,3,0.3333333333333333,1.0,zero_on_collision,0.2,1,1000,1790.521148917693,1790.521148917693,0.0,0.0
1,3,0.3333333333333333,1.0,zero_on_collision,0.2,2,1000,1867.213934764703,1867.213934764703,0.0,0.0
1,3,0.3333333333333333,1.0,zero_on_collision,0.2,3,1000,1922.8134786955438,1922.8134786955438,0.0,0.0
1,3,0.3333333333333333,1.0,zero_on_collision,0.2,4,1000,1785.9127540608533,1785.9127540608533,0.0,0.0
1,3,0.3333333333333333,1.0,zero_on_collision,0.2,5,1000,1874.102083316288,1874.102083316288,0.0,0.0
1,3,0.3333333333333333,1.0,zero_on_collision,0.2,6,1000,1847.9358948352005,1847.9358948352005,0.0,0.0
1,3,0.3333333333333333,1.0,zero_on_collision,0.2,7,1000,1882.993230464841,1882.993230464841,0.0,0.0
1,3,0.3333333333333333,1.0,zero_on_collision,0.2,8,1000,1885.4538922629479,1885.4538922629479,0.0,0.0
1,3,0.3333333333333333,1.0,zero_on_collision,0.2,9,1000,1906.5737822528727,1906.5737822528727,0.0,0.0
1,3,0.3333333333333333,1.0,zero_on_collision,0.2,10,1000,1823.4147560854728,1823.4147560854728,0.0,0.0
1,3,0.3333333333333333,1.0,zero_on_collision,0.2,11,1000,1898.6658053363885,1898.6658053363885,0.0,0.0
1,3,0.3333333333333333,1.0,zero_on_collision,0.2,12,1000,1827.0426864103706,1827.0426864103706,0.0,0.0
1,3,0.3333333333333333,1.0,zero_on_collision,0.2,13,1000,1834.168981878624,1834.168981878624,0.0,0.0
1,3,0.3333333333333333,1.0,zero_on_collision,0.2,14,1000,1941.6765214787258,1941.6765214787258,0.0,0.0
1,3,0.3333333333333333,1.0,zero_on_collision,0.2,15,1000,1930.8401412171836,1930.8401412171836,0.0,0.0
1,3,0.3333333333333333,1.0,zero_on_collision,0.2,16,1000,1926.3457467806923,1926.3457467806923,0.0,0.0
1,3,0.3333333333333333,1.0,zero_on_collision,0.2,17,1000,1853.8053052960013,1853.8053052960013,0.0,0.0
1,3,0.3333333333333333,1.0,zero_on_collision,0.2,18,1000,1893.1884919023043,1893.1884919023043,0.0,0.0
1,3,0.3333333333333333,1.0,zero_on_collision,0.2,19,1000,1887.0943166307593,1887.0943166307593,0.0,0.0
1,3,0.3333333333333333,1.0,zero_on_collision,0.2,20,1000,1923.0887661091003,1923.0887661091003,0.0,0.0
1,3,0.3333333333333333,1.0,zero_on_collision,0.2,21,1000,1875.7510403612632,1875.7510403612632,0.0,0.0
1,3,0.3333333333333333,1.0,zero_on_collision,0.2,22,1000,1916.0532168493307,1916.0532168493307,0.0,0.0
1,3,0.3333333333333333,1.0,zero_on_collision,0.2,23,1000,1848.1331277788508,1848.1331277788508,0.0,0.0
1,3,0.3333333333333333,1.0,zero_on_collision,0.2,24,1000,1846.6687275832232,1846.6687275832232,0.0,0.0
1,3,0.3333333333333333,1.0,zero_on_collision,0.2,25,1000,1901.755289652078,1901.755289652078,0.0,0.0
1,3,0.3333333333333333,1.0,zero_on_collision,0.2,26,1000,1879.0049476918741,1879.0049476918741,0.0,0.0
1,3,0.3333333333333333,1.0,zero_on_collision,0.2,27,1000,1877.4358503771596,1877.4358503771596,0.0,0.0
1,3,0.3333333333333333,1.0,zero_on_collision,0.2,28,1000,1887.3717096107107,1887.3717096107107,0.0,0.0
1,3,0.3333333333333333,1.0,zero_on_collision,0.2,29,1000,1953.9893301142151,1953.9893301142151,0.0,0.0
1,3,0.3333333333333333,1.0,zero_on_collision,0.2,30,1000,1863.559131891615,1863.559131891615,0.0,0.0
1,3,0.3333333333333333,1.0,zero_on_collision,0.2,31,1000,1890.7157144908742,1890.7157144908742,0.0,0.0
1,3,0.3333333333333333,1.0,zero_on_collision,0.2,32,1000,1879.56715749086,1879.56715749086,0.0,0.0
1,3,0.3333333333333333,1.0,zero_on_collision,0.2,33,1000,1938.5120874285249,1938.5120874285249,0.0,0.0
1,3,0.3333333333333333,1.0,zero_on_collision,0.2,34,1000,1846.1301394589739,1846.1301394589739,0.0,0.0
1,3,0.3333333333333333,1.0,zero_on_collision,0.2,35,1000,1860.9515463441983,1860.9515463441983,0.0,0.0
1,3,0.3333333333333333,1.0,zero_on_collision,0.2,36,1000,1846.170799793113,1846.170799793113,0.0,0.0
1,3,0.3333333333333333,1.0,zero_on_collision,0.2,37,1000,1935.728217022622,1935.728217022622,0.0,0.0
1,3,0.3333333333333333,1.0,zero_on_collision,0.2,38,1000,1856.859810346603,1856.859810346603,0.0,0.0
1,3,0.3333333333333333,1.0,zero_on_collision,0.2,39,1000,1850.0606926644978,1850.0606926644978,0.0,0.0
1,3,0.3333333333333333,1.0,zero_on_collision,0.2,40,1000,1870.0259548858564,1870.0259548858564,0.0,0.0
1,3,0.3333333333333333,1.0,zero_on_collision,0.2,41,1000,1890.2935010730482,1890.2935010730482,0.0,0.0
1,3,0.3333333333333333,1.0,zero_on_collision,0.2,42,1000,1871.8613234454783,1871.8613234454783,0.0,0.0
1,3,0.3333333333333333,1.0,zero_on_collision,0.2,43,1000,1906.9338373849823,1906.9338373849823,0.0,0.0
1,3,0.3333333333333333,1.0,zero_on_collision,0.2,44,1000,1866.3978713310103,1866.3978713310103,0.0,0.0
1,3,0.3333333333333333,1.0,zero_on_collision,0.2,45,1000,1902.2284703968853,1902.2284703968853,0.0,0.0
1,3,0.3333333333333333,1.0,zero_on_collision,0.2,46,1000,1954.3473890156295,1954.3473890156295,0.0,0.0
1,3,0.3333333333333333,1.0,zero_on_collision,0.2,47,1000,1939.1792360801564,1939.1792360801564,0.0,0.0
1,3,0.3333333333333333,1.0,zero_on_collision,0.2,48,1000,1886.0967595256143,1886.0967595256143,0.0,0.0
1,3,0.3333333333333333,1.0,zero_on_collision,0.2,49,1000,1860.2120464069583,1860.2120464069583,0.0,0.0
1,3,0.3333333333333333,1.0,zero_on_collision,0.3,0,1000,1844.1919303365398,1844.1919303365398,0.0,0.0
1,3,0.3333333333333333,1.0,zero_on_collision,0.3,1,1000,1781.8091624510273,1781.8091624510273,0.0,0.0
1,3,0.3333333333333333,1.0,zero_on_collision,0.3,2,1000,1769.3704221997925,1769.3704221997925,0.0,0.0
1,3,0.3333333333333333,1.0,zero_on_collision,0.3,3,1000,1871.0537818918463,1871.0537818918463,0.0,0.0
1,3,0.3333333333333333,1.0,zero_on_collision,0.3,4,1000,1807.4996810906005,1807.4996810906005,0.0,0.0
1,3,0.3333333333333333,1.0,zero_on_collision,0.3,5,1000,1852.8265436065633,1852.8265436065633,0.0,0.0
1,3,0.3333333333333333,1.0,zero_on_collision,0.3,6,1000,1816.7188609548793,1816.7188609548793,0.0,0.0
1,3,0.3333333333333333,1.0,zero_on_collision,0.3,7,1000,1843.0163325359624,1843.0163325359624,0.0,0.0
1,3,0.3333333333333333,1.0,zero_on_collision,0.3,8,1000,1792.1451684840679,1792.1451684840679,0.0,0.0
1,3,0.3333333333333333,1.0,zero_on_collision,0.3,9,1000,1799.472482532801,1799.472482532801,0.0,0.0
1,3,0.3333333333333333,1.0,zero_on_collision,0.3,10,1000,1798.469237394644,1798.469237394644,0.0,0.0
1,3,0.3333333333333333,1.0,zero_on_collision,0.3,11,1000,1844.561680452816,1844.561680452816,0.0,0.0
1,3,0.3333333333333333,1.0,zero_on_collision,0.3,12,1000,1811.2558189761078,1811.2558189761078,0.0,0.0
1,3,0.3333333333333333,1.0,zero_on_collision,0.3,13,1000,1875.3423341946154,1875.3423341946154,0.0,0.0
1,3,0.3333333333333333,1.0,zero_on_collision,0.3,14,1000,1880.897778089824,1880.897778089824,0.0,0.0
1,3,0.3333333333333333,1.0,zero_on_collision,0.3,15,1000,1872.3441785221507,1872.3441785221507,0.0,0.0
1,3,0.3333333333333333,1.0,zero_on_collision,0.3,16,1000,1784.3499915202362,1784.3499915202362,0.0,0.0
1,3,0.3333333333333333,1.0,zero_on_collision,0.3,17,1000,1756.8658252840341,1756.8658252840341,0.0,0.0
1,3,0.3333333333333333,1.0,zero_on_collision,0.3,18,1000,1785.1932709190003,1785.1932709190003,0.0,0.0
1,3,0.3333333333333333,1.0,zero_on_collision,0.3,19,1000,1849.8407603564672,1849.8407603564672,0.0,0.0
1,3,0.3333333333333333,1.0,zero_on_collision,0.3,20,1000,1853.7088816079477,1853.7088816079477,0.0,0.0
1,3,0.3333333333333333,1.0,zero_on_collision,0.3,21,1000,1808.5628227739498,1808.5628227739498,0.0,0.0
1,3,0.3333333333333333,1.0,zero_on_collision,0.3,22,1000,1843.3905669397109,1843.3905669397109,0.0,0.0
1,3,0.3333333333333333,1.0,zero_on_collision,0.3,23,1000,1769.2385648723202,1769.2385648723202,0.0,0.0
1,3,0.3333333333333333,1.0,zero_on_collision,0.3,24,1000,1821.8576229830883,1821.8576229830883,0.0,0.0
1,3,0.3333333333333333,1.0,zero_on_collision,0.3,25,1000,1867.1374257422656,1867.1374257422656,0.0,0.0
1,3,0.3333333333333333,1.0,zero_on_collision,0.3,26,1000,1820.523031349499,1820.523031349499,0.0,0.0
1,3,0.3333333333333333,1.0,zero_on_collision,0.3,27,1000,1773.8681807103032,1773.8681807103032,0.0,0.0
1,3,0.3333333333333333,1.0,zero_on_collision,0.3,28,1000,1801.1708798276914,1801.1708798276914,0.0,0.0
1,3,0.3333333333333333,1.0,zero_on_collision,0.3,29,1000,1847.6274235269816,1847.6274235269816,0.0,0.0
1,3,0.3333333333333333,1.0,zero_on_collision,0.3,30,1000,1842.5645444148693,1842.5645444148693,0.0,0.0
1,3,0.3333333333333333,1.0,zero_on_collision,0.3,31,1000,1854.949312305867,1854.949312305867,0.0,0.0
1,3,0.3333333333333333,1.0,zero_on_collision,0.3,32,1000,1865.312461617458,1865.312461617458,0.0,0.0
1,3,0.3333333333333333,1.0,zero_on_collision,0.3,33,1000,1826.6681968056494,1826.6681968056494,0.0,0.0
1,3,0.3333333333333333,1.0,zero_on_collision,0.3,34,1000,1810.3903902412515,1810.3903902412515,0.0,0.0
1,3,0.3333333333333333,1.0,zero_on_collision,0.3,35,1000,1828.469018338072,1828.469018338072,0.0,0.0
1,3,0.3333333333333333,1.0,zero_on_collision,0.3,36,1000,1822.0094855437462,1822.0094855437462,0.0,0.0
1,3,0.3333333333333333,1.0,zero_on_collision,0.3,37,1000,1854.9062263740798,1854.9062263740798,0.0,0.0
1,3,0.3333333333333333,1.0,zero_on_collision,0.3,38,1000,1887.281527790927,1887.281527790927,0.0,0.0
1,3,0.3333333333333333,1.0,zero_on_collision,0.3,39,1000,1882.5477142986913,1882.5477142986913,0.0,0.0
1,3,0.3333333333333333,1.0,zero_on_collision,0.3,40,1000,1830.2102317930007,1830.2102317930007,0.0,0.0
1,3,0.3333333333333333,1.0,zero_on_collision,0.3,41,1000,1907.0106250587935,1907.0106250587935,0.0,0.0
1,3,0.3333333333333333,1.0,zero_on_collision,0.3,42,1000,1846.8005108908092,1846.8005108908092,0.0,0.0
1,3,0.3333333333333333,1.0,zero_on_collision,0.3,43,1000,1797.9596798993005,1797.9596798993005,0.0,0.0
1,3,0.3333333333333333,1.0,zero_on_collision,0.3,44,1000,1804.3913164851465,1804.3913164851465,0.0,0.0
1,3,0.3333333333333333,1.0,zero_on_collision,0.3,45,1000,1834.4258167698626,1834.4258167698626,0.0,0.0
1,3,0.3333333333333333,1.0,zero_on_collision,0.3,46,1000,1838.643359034277,1838.643359034277,0.0,0.0
1,3,0.3333333333333333,1.0,zero_on_collision,0.3,47,1000,1819.9517358923254,1819.9517358923254,0.0,0.0
1,3,0.3333333333333333,1.0,zero_on_collision,0.3,48,1000,1782.6239869237827,1782.6239869237827,0.0,0.0
1,3,0.3333333333333333,1.0,zero_on_collision,0.3,49,1000,1732.744432728651,1732.744432728651,0.0,0.0
2,6,0.3333333333333333,1.0,zero_on_collision,0.0,0,1000,0.0,0.0,1.0,0.0
2,6,0.3333333333333333,1.0,zero_on_collision,0.0,1,1000,0.0,0.0,1.0,0.0
2,6,0.3333333333333333,1.0,zero_on_collision,0.0,2,1000,0.0,0.0,1.0,0.0
2,6,0.3333333333333333,1.0,zero_on_collision,0.0,3,1000,0.0,0.0,1.0,0.0
2,6,0.3333333333333333,1.0,zero_on_collision,0.0,4,1000,0.0,0.0,1.0,0.0
2,6,0.3333333333333333,1.0,zero_on_collision,0.0,5,1000,0.0,0.0,1.0,0.0
2,6,0.3333333333333333,1.0,zero_on_collision,0.0,6,1000,0.0,0.0,1.0,0.0
2,6,0.3333333333333333,1.0,zero_on_collision,0.0,7,1000,0.0,0.0,1.0,0.0
2,6,0.3333333333333333,1.0,zero_on_collision,0.0,8,1000,0.0,0.0,1.0,0.0
2,6,0.3333333333333333,1.0,zero_on_collision,0.0,9,1000,0.0,0.0,1.0,0.0
2,6,0.3333333333333333,1.0,zero_on_collision,0.0,10,1000,0.0,0.0,1.0,0.0
2,6,0.3333333333333333,1.0,zero_on_collision,0.0,11,1000,0.0,0.0,1.0,0.0
2,6,0.3333333333333333,1.0,zero_on_collision,0.0,12,1000,0.0,0.0,1.0,0.0
2,6,0.3333333333333333,1.0,zero_on_collision,0.0,13,1000,0.0,0.0,1.0,0.0
2,6,0.3333333333333333,1.0,zero_on_collision,0.0,14,1000,0.0,0.0,1.0,0.0
2,6,0.3333333333333333,1.0,zero_on_collision,0.0,15,1000,0.0,0.0,1.0,0.0
2,6,0.3333333333333333,1.0,zero_on_collision,0.0,16,1000,0.0,0.0,1.0,0.0
2,6,0.3333333333333333,1.0,zero_on_collision,0.0,17,1000,0.0,0.0,1.0,0.0
2,6,0.3333333333333333,1.0,zero_on_collision,0.0,18,1000,0.0,0.0,1.0,0.0
2,6,0.3333333333333333,1.0,zero_on_collision,0.0,19,1000,0.0,0.0,1.0,0.0
2,6,0.3333333333333333,1.0,zero_on_collision,0.0,20,1000,0.0,0.0,1.0,0.0
2,6,0.3333333333333333,1.0,zero_on_collision,0.0,21,1000,0.0,0.0,1.0,0.0
2,6,0.3333333333333333,1.0,zero_on_collision,0.0,22,1000,0.0,0.0,1.0,0.0
2,6,0.3333333333333333,1.0,zero_on_collision,0.0,23,1000,0.0,0.0,1.0,0.0
2,6,0.3333333333333333,1.0,zero_on_collision,0.0,24,1000,0.0,0.0,1.0,0.0
2,6,0.3333333333333333,1.0,zero_on_collision,0.0,25,1000,0.0,0.0,1.0,0.0
2,6,0.3333333333333333,1.0,zero_on_collision,0.0,26,1000,0.0,0.0,1.0,0.0
2,6,0.3333333333333333,1.0,zero_on_collision,0.0,27,1000,0.0,0.0,1.0,0.0
2,6,0.3333333333333333,1.0,zero_on_collision,0.0,28,1000,0.0,0.0,1.0,0.0
2,6,0.3333333333333333,1.0,zero_on_collision,0.0,29,1000,0.0,0.0,1.0,0.0
2,6,0.3333333333333333,1.0,zero_on_collision,0.0,30,1000,0.0,0.0,1.0,0.0
2,6,0.3333333333333333,1.0,zero_on_collision,0.0,31,1000,0.0,0.0,1.0,0.0
2,6,0.3333333333333333,1.0,zero_on_collision,0.0,32,1000,0.0,0.0,1.0,0.0
2,6,0.3333333333333333,1.0,zero_on_collision,0.0,33,1000,0.0,0.0,1.0,0.0
2,6,0.3333333333333333,1.0,zero_on_collision,0.0,34,1000,0.0,0.0,1.0,0.0
2,6,0.3333333333333333,1.0,zero_on_collision,0.0,35,1000,0.0,0.0,1.0,0.0
2,6,0.3333333333333333,1.0,zero_on_collision,0.0,36,1000,0.0,0.0,1.0,0.0
2,6,0.3333333333333333,1.0,zero_on_collision,0.0,37,1000,0.0,0.0,1.0,0.0
2,6,0.3333333333333333,1.0,zero_on_collision,0.0,38,1000,0.0,0.0,1.0,0.0
2,6,0.3333333333333333,1.0,zero_on_collision,0.0,39,1000,0.0,0.0,1.0,0.0
2,6,0.3333333333333333,1.0,zero_on_collision,0.0,40,1000,0.0,0.0,1.0,0.0
2,6,0.3333333333333333,1.0,zero_on_collision,0.0,41,1000,0.0,0.0,1.0,0.0
2,6,0.3333333333333333,1.0,zero_on_collision,0.0,42,1000,0.0,0.0,1.0,0.0
2,6,0.3333333333333333,1.0,zero_on_collision,0.0,43,1000,0.0,0.0,1.0,0.0
2,6,0.3333333333333333,1.0,zero_on_collision,0.0,44,1000,0.0,0.0,1.0,0.0
2,6,0.3333333333333333,1.0,zero_on_collision,0.0,45,1000,0.0,0.0,1.0,0.0
2,6,0.3333333333333333,1.0,zero_on_collision,0.0,46,1000,0.0,0.0,1.0,0.0
2,6,0.3333333333333333,1.0,zero_on_collision,0.0,47,1000,0.0,0.0,1.0,0.0
2,6,0.3333333333333333,1.0,zero_on_collision,0.0,48,1000,0.0,0.0,1.0,0.0
2,6,0.3333333333333333,1.0,zero_on_collision,0.0,49,1000,0.0,0.0,1.0,0.0
2,6,0.3333333333333333,1.0,zero_on_collision,0.01,0,1000,3383.2638589375983,1691.6319294687992,0.017,139.4946337098138
2,6,0.3333333333333333,1.0,zero_on_collision,0.01,1,1000,2976.131661475675,1488.0658307378376,0.006,349.19387442766026
2,6,0.3333333333333333,1.0,zero_on_collision,0.01,2,1000,2669.8468827140678,1334.9234413570339,0.186,146.26088766281168
2,6,0.3333333333333333,1.0,zero_on_collision,0.01,3,1000,2881.4352302622974,1440.7176151311487,0.066,273.2832324794333
2,6,0.3333333333333333,1.0,zero_on_collision,0.01,4,1000,2230.817599825889,1115.4087999129445,0.246,383.70015261241883
2,6,0.3333333333333333,1.0,zero_on_collision,0.01,5,1000,2918.8738260159903,1459.4369130079951,0.019,541.6967376649814
2,6,0.3333333333333333,1.0,zero_on_collision,0.01,6,1000,3440.672982810319,1720.3364914051594,0.004,296.364260435878
2,6,0.3333333333333333,1.0,zero_on_collision,0.01,7,1000,2690.2838202868024,1345.1419101434012,0.035,273.0992686301421
2,6,0.3333333333333333,1.0,zero_on_collision,0.01,8,1000,3304.9471651539716,1652.4735825769858,0.037,243.87672870199867
2,6,0.3333333333333333,1.0,zero_on_collision,0.01,9,1000,3649.9541531340774,1824.9770765670387,0.008,19.422573690594163
2,6,0.3333333333333333,1.0,zero_on_collision,0.01,10,1000,3329.777274620372,1664.888637310186,0.012,163.60550787375803
2,6,0.3333333333333333,1.0,zero_on_collision,0.01,11,1000,1917.9786825195838,958.9893412597919,0.273,230.23015593230872
2,6,0.3333333333333333,1.0,zero_on_collision,0.01,12,1000,3088.47550659744,1544.23775329872,0.032,206.80671635793192
2,6,0.3333333333333333,1.0,zero_on_collision,0.01,13,1000,3476.6560458712365,1738.3280229356183,0.038,52.700488018666874
2,6,0.3333333333333333,1.0,zero_on_collision,0.01,14,1000,3145.363814361904,1572.681907180952,0.14,31.30510718413143
2,6,0.3333333333333333,1.0,zero_on_collision,0.01,15,1000,3094.501947342643,1547.2509736713214,0.045,396.66182265963255
2,6,0.3333333333333333,1.0,zero_on_collision,0.01,16,1000,3195.9138719662515,1597.9569359831257,0.026,279.38458937498
2,6,0.3333333333333333,1.0,zero_on_collision,0.01,17,1000,3315.4151894619035,1657.7075947309518,0.026,135.50252781265112
2,6,0.3333333333333333,1.0,zero_on_collision,0.01,18,1000,2852.7368238296704,1426.3684119148352,0.126,254.86266352479072
2,6,0.3333333333333333,1.0,zero_on_collision,0.01,19,1000,3203.2570820549654,1601.6285410274827,0.018,41.200233670500666
2,6,0.3333333333333333,1.0,zero_on_collision,0.01,20,1000,3179.756783460809,1589.8783917304045,0.026,399.22625260190955
2,6,0.3333333333333333,1.0,zero_on_collision,0.01,21,1000,2587.772135997122,1293.886067998561,0.006,71.63543636298357
2,6,0.3333333333333333,1.0,zero_on_collision,0.01,22,1000,3457.6227125843543,1728.8113562921772,0.055,151.97079902687426
2,6,0.3333333333333333,1.0,zero_on_collision,0.01,23,1000,3327.9216173174955,1663.9608086587477,0.045,148.78356730618918
2,6,0.3333333333333333,1.0,zero_on_collision,0.01,24,1000,2635.7744070703307,1317.8872035351653,0.115,99.61624987436358
2,6,0.3333333333333333,1.0,zero_on_collision,0.01,25,1000,2168.7596028112885,1084.3798014056442,0.196,305.64889343818663
2,6,0.3333333333333333,1.0,zero_on_collision,0.01,26,1000,2793.305459089066,1396.652729544533,0.132,179.74424022824235
2,6,0.3333333333333333,1.0,zero_on_collision,0.01,27,1000,2955.4226221761965,1477.7113110880982,0.052,100.55250105060941
2,6,0.3333333333333333,1.0,zero_on_collision,0.01,28,1000,2300.313197246242,1150.156598623121,0.196,381.0736548967934
2,6,0.3333333333333333,1.0,zero_on_collision,0.01,29,1000,3380.9749635840635,1690.4874817920318,0.026,302.9948495115101
2,6,0.3333333333333333,1.0,zero_on_collision,0.01,30,1000,3303.1514386473646,1651.5757193236823,0.032,123.04327508788651
2,6,0.3333333333333333,1.0,zero_on_collision,0.01,31,1000,3110.9262720512697,1555.4631360256349,0.078,302.5165648773617
2,6,0.3333333333333333,1.0,zero_on_collision,0.01,32,1000,3684.9654731726177,1842.4827365863089,0.02,76.99214745406493
2,6,0.3333333333333333,1.0,zero_on_collision,0.01,33,1000,2692.454640895495,1346.2273204477474,0.059,299.1246882183159
2,6,0.3333333333333333,1.0,zero_on_collision,0.01,34,1000,2490.5638928810104,1245.2819464405052,0.102,121.91497647720178
2,6,0.3333333333333333,1.0,zero_on_collision,0.01,35,1000,2939.5280585328746,1469.7640292664373,0.051,349.8961545286845
2,6,0.3333333333333333,1.0,zero_on_collision,0.01,36,1000,3251.1512353964545,1625.5756176982272,0.009,372.8276718483904
2,6,0.3333333333333333,1.0,zero_on_collision,0.01,37,1000,3253.610957634632,1626.805478817316,0.029,279.78830459434516
2,6,0.3333333333333333,1.0,zero_on_collision,0.01,38,1000,3217.6169901610347,1608.8084950805173,0.069,1.0014660836731082
2,6,0.3333333333333333,1.0,zero_on_collision,0.01,39,1000,3320.1270160940876,1660.0635080470438,0.009,302.5068232140162
2,6,0.3333333333333333,1.0,zero_on_collision,0.01,40,1000,3309.8634508552723,1654.9317254276361,0.055,244.82006520580705
2,6,0.3333333333333333,1.0,zero_on_collision,0.01,41,1000,3185.2536946936098,1592.6268473468049,0.151,106.60624209719151
2,6,0.3333333333333333,1.0,zero_on_collision,0.01,42,1000,3613.0533236632455,1806.5266618316227,0.01,71.23327211761125
2,6,0.3333333333333333,1.0,zero_on_collision,0.01,43,1000,2735.7198188778957,1367.8599094389479,0.132,200.6348090703392
2,6,0.3333333333333333,1.0,zero_on_collision,0.01,44,1000,3502.02036497493,1751.010182487465,0.028,153.37425856646553
2,6,0.3333333333333333,1.0,zero_on_collision,0.01,45,1000,3137.0188122116356,1568.5094061058178,0.094,254.88489271044295
2,6,0.3333333333333333,1.0,zero_on_collision,0.01,46,1000,3736.3337844424573,1868.1668922212286,0.022,146.139696918435
2,6,0.3333333333333333,1.0,zero_on_collision,0.01,47,1000,2484.1610180656426,1242.0805090328213,0.139,328.6410994111287
2,6,0.3333333333333333,1.0,zero_on_collision,0.01,48,1000,3317.657592847893,1658.8287964239464,0.019,78.3824284034929
2,6,0.3333333333333333,1.0,zero_on_collision,0.01,49,1000,2654.872437563159,1327.4362187815796,0.131,240.0936010709022
2,6,0.3333333333333333,1.0,zero_on_collision,0.05,0,1000,3417.581191370503,1708.7905956852514,0.037,181.140480764367
2,6,0.3333333333333333,1.0,zero_on_collision,0.05,1,1000,3218.817156127271,1609.4085780636356,0.018,95.59282649247803
2,6,0.3333333333333333,1.0,zero_on_collision,0.05,2,1000,3524.1644503264333,1762.0822251632167,0.055,85.3656498609065
2,6,0.3333333333333333,1.0,zero_on_collision,0.05,3,1000,3345.517998917326,1672.758999458663,0.012,186.83014000322441
2,6,0.3333333333333333,1.0,zero_on_collision,0.05,4,1000,3311.1941731063716,1655.5970865531858,0.048,182.80374995423517
2,6,0.3333333333333333,1.0,zero_on_collision,0.05,5,1000,3566.3778017285003,1783.1889008642502,0.016,34.01260286034619
2,6,0.3333333333333333,1.0,zero_on_collision,0.05,6,1000,3697.3344908689583,1848.6672454344791,0.011,94.819796502381
2,6,0.3333333333333333,1.0,zero_on_collision,0.05,7,1000,3524.310077424863,1762.1550387124314,0.049,57.9186661823519
2,6,0.3333333333333333,1.0,zero_on_collision,0.05,8,1000,3056.976665049564,1528.488332524782,0.025,194.2391752205093
2,6,0.3333333333333333,1.0,zero_on_collision,0.05,9,1000,3631.4037040262465,1815.7018520131232,0.014,65.3524938697459
2,6,0.3333333333333333,1.0,zero_on_collision,0.05,10,1000,3309.9890711847083,1654.9945355923542,0.026,11.221207153806404
2,6,0.3333333333333333,1.0,zero_on_collision,0.05,11,1000,3434.08425927964,1717.04212963982,0.058,29.508562653061972
2,6,0.3333333333333333,1.0,zero_on_collision,0.05,12,1000,3559.8284309565224,1779.9142154782612,0.015,88.3079386887008
2,6,0.3333333333333333,1.0,zero_on_collision,0.05,13,1000,3619.516610180229,1809.7583050901144,0.019,70.992862368224
2,6,0.3333333333333333,1.0,zero_on_collision,0.05,14,1000,3241.0359902161786,1620.5179951080893,0.039,268.8791914599676
2,6,0.3333333333333333,1.0,zero_on_collision,0.05,15,1000,3226.376338284207,1613.1881691421036,0.034,288.56425027724606
2,6,0.3333333333333333,1.0,zero_on_collision,0.05,16,1000,2907.114667236487,1453.5573336182435,0.073,334.7765882081221
2,6,0.3333333333333333,1.0,zero_on_collision,0.05,17,1000,3493.0946159754376,1746.5473079877188,0.04,117.43317306601864
2,6,0.3333333333333333,1.0,zero_on_collision,0.05,18,1000,2749.196526811808,1374.598263405904,0.065,256.0993907633276
2,6,0.3333333333333333,1.0,zero_on_collision,0.05,19,1000,3597.0725302791434,1798.5362651395717,0.026,114.96620686770041
2,6,0.3333333333333333,1.0,zero_on_collision,0.05,20,1000,3455.432744942749,1727.7163724713746,0.027,170.44241939646156
2,6,0.3333333333333333,1.0,zero_on_collision,0.05,21,1000,3528.5274671788566,1764.2637335894283,0.019,184.37317943406686
2,6,0.3333333333333333,1.0,zero_on_collision,0.05,22,1000,3309.8836999525074,1654.9418499762537,0.045,8.644707050803504
2,6,0.3333333333333333,1.0,zero_on_collision,0.05,23,1000,3544.4302688217094,1772.2151344108547,0.044,140.77824503590398
2,6,0.3333333333333333,1.0,zero_on_collision,0.05,24,1000,3370.417675792046,1685.208837896023,0.037,170.93393346964604
2,6,0.3333333333333333,1.0,zero_on_collision,0.05,25,1000,3465.03932605104,1732.51966302552,0.017,188.0009961055813
2,6,0.3333333333333333,1.0,zero_on_collision,0.05,26,1000,3396.7284998343025,1698.3642499171513,0.02,214.79728454784936
2,6,0.3333333333333333,1.0,zero_on_collision,0.05,27,1000,3403.079830128848,1701.539915064424,0.034,30.071998452047524
2,6,0.3333333333333333,1.0,zero_on_collision,0.05,28,1000,3481.0484810201406,1740.5242405100703,0.061,120.67852383189347
2,6,0.3333333333333333,1.0,zero_on_collision,0.05,29,1000,3064.315000559862,1532.157500279931,0.033,405.40060591450344
2,6,0.3333333333333333,1.0,zero_on_collision,0.05,30,1000,3714.4042652705275,1857.2021326352638,0.022,79.59606626729158
2,6,0.3333333333333333,1.0,zero_on_collision,0.05,31,1000,3514.7286839043054,1757.3643419521527,0.036,119.47672971636973
2,6,0.3333333333333333,1.0,zero_on_collision,0.05,32,1000,3148.916934650575,1574.4584673252875,0.025,169.9149391565345
2,6,0.3333333333333333,1.0,zero_on_collision,0.05,33,1000,3497.149484886031,1748.5747424430156,0.048,149.95466932471186
2,6,0.3333333333333333,1.0,zero_on_collision,0.05,34,1000,3051.619705933631,1525.8098529668155,0.064,305.57632124536724
2,6,0.3333333333333333,1.0,zero_on_collision,0.05,35,1000,3732.7112595932595,1866.3556297966297,0.017,84.474207429442
2,6,0.3333333333333333,1.0,zero_on_collision,0.05,36,1000,3663.2209322389176,1831.6104661194588,0.016,97.14464381817129
2,6,0.3333333333333333,1.0,zero_on_collision,0.05,37,1000,3515.8920317975544,1757.9460158987772,0.029,55.17826863192943
2,6,0.3333333333333333,1.0,zero_on_collision,0.05,38,1000,3437.7162512191644,1718.8581256095822,0.027,179.51284447396563
2,6,0.3333333333333333,1.0,zero_on_collision,0.05,39,1000,3611.73789550075,1805.868947750375,0.017,91.19134179053356
2,6,0.3333333333333333,1.0,zero_on_collision,0.05,40,1000,3531.449092363451,1765.7245461817256,0.02,114.96504349768213
2,6,0.3333333333333333,1.0,zero_on_collision,0.05,41,1000,3500.8697071709807,1750.4348535854904,0.024,176.2973905705751
2,6,0.3333333333333333,1.0,zero_on_collision,0.05,42,1000,3535.437512753836,1767.718756376918,0.013,125.71376098556163
2,6,0.3333333333333333,1.0,zero_on_collision,0.05,43,1000,3514.532223660024,1757.266111830012,0.012,230.37277082872322
2,6,0.3333333333333333,1.0,zero_on_collision,0.05,44,1000,3295.39015394927,1647.695076974635,0.049,160.8791324823061
2,6,0.3333333333333333,1.0,zero_on_collision,0.05,45,1000,3639.0684621473674,1819.5342310736837,0.015,79.23046903377485
2,6,0.3333333333333333,1.0,zero_on_collision,0.05,46,1000,3574.4566022783424,1787.2283011391712,0.039,78.31022319177805
2,6,0.3333333333333333,1.0,zero_on_collision,0.05,47,1000,3441.021583377707,1720.5107916888535,0.026,85.95448251294943
2,6,0.3333333333333333,1.0,zero_on_collision,0.05,48,1000,3396.2260372448072,1698.1130186224036,0.036,3.2266165025196187
2,6,0.3333333333333333,1.0,zero_on_collision,0.05,49,1000,3555.9455652462766,1777.9727826231383,0.053,38.561510190848594
2,6,0.3333333333333333,1.0,zero_on_collision,0.1,0,1000,3420.879244130833,1710.4396220654164,0.055,1.0431875263116126
2,6,0.3333333333333333,1.0,zero_on_collision,0.1,1,1000,3436.198653216415,1718.0993266082075,0.035,135.4239796712941
2,6,0.3333333333333333,1.0,zero_on_collision,0.1,2,1000,3467.6698810858697,1733.8349405429349,0.063,127.49715257170533
2,6,0.3333333333333333,1.0,zero_on_collision,0.1,3,1000,3588.926951802494,1794.463475901247,0.039,146.38189399797216
2,6,0.3333333333333333,1.0,zero_on_collision,0.1,4,1000,3514.169746512667,1757.0848732563336,0.039,45.10039951462272
2,6,0.3333333333333333,1.0,zero_on_collision,0.1,5,1000,3584.0996329141017,1792.0498164570508,0.031,103.61455798602071
2,6,0.3333333333333333,1.0,zero_on_collision,0.1,6,1000,3560.2179379796808,1780.1089689898404,0.028,91.89073989572978
2,6,0.3333333333333333,1.0,zero_on_collision,0.1,7,1000,3546.0535176249496,1773.0267588124748,0.038,122.00124377916461
2,6,0.3333333333333333,1.0,zero_on_collision,0.1,8,1000,3454.6172790223104,1727.3086395111552,0.043,109.64023491306284
2,6,0.3333333333333333,1.0,zero_on_collision,0.1,9,1000,3388.26594969466,1694.13297484733,0.036,177.46546982813913
2,6,0.3333333333333333,1.0,zero_on_collision,0.1,10,1000,3443.9862089437984,1721.9931044718992,0.032,98.8241391111693
2,6,0.3333333333333333,1.0,zero_on_collision,0.1,11,1000,3467.106346741247,1733.5531733706234,0.029,128.8111435757786
2,6,0.3333333333333333,1.0,zero_on_collision,0.1,12,1000,3235.091382567586,1617.545691283793,0.028,245.24095045703496
2,6,0.3333333333333333,1.0,zero_on_collision,0.1,13,1000,3244.2056559145767,1622.1028279572884,0.039,162.85727349685897
2,6,0.3333333333333333,1.0,zero_on_collision,0.1,14,1000,3459.5304599774245,1729.7652299887122,0.054,96.1366230894356
2,6,0.3333333333333333,1.0,zero_on_collision,0.1,15,1000,3597.0304098003753,1798.5152049001877,0.038,123.48064284682823
2,6,0.3333333333333333,1.0,zero_on_collision,0.1,16,1000,3419.2848055805707,1709.6424027902854,0.043,153.32455108453848
2,6,0.3333333333333333,1.0,zero_on_collision,0.1,17,1000,3534.360505455801,1767.1802527279006,0.038,111.98371411853748
2,6,0.3333333333333333,1.0,zero_on_collision,0.1,18,1000,3286.5915201896805,1643.2957600948403,0.053,161.39265779032917
2,6,0.3333333333333333,1.0,zero_on_collision,0.1,19,1000,3639.1613351260426,1819.5806675630213,0.042,125.99589990865161
2,6,0.3333333333333333,1.0,zero_on_collision,0.1,20,1000,3543.1403776934594,1771.5701888467297,0.037,45.91843862494295
2,6,0.3333333333333333,1.0,zero_on_collision,0.1,21,1000,3439.986617770195,1719.9933088850976,0.035,119.35926402604412
2,6,0.3333333333333333,1.0,zero_on_collision,0.1,22,1000,3407.3898308846033,1703.6949154423016,0.047,64.27071911401936
2,6,0.3333333333333333,1.0,zero_on_collision,0.1,23,1000,3595.5192136363034,1797.7596068181517,0.046,83.21156442648748
2,6,0.3333333333333333,1.0,zero_on_collision,0.1,24,1000,3453.794006455943,1726.8970032279715,0.03,72.36776590348973
2,6,0.3333333333333333,1.0,zero_on_collision,0.1,25,1000,3581.9190383135956,1790.9595191567978,0.035,77.12709858581866
2,6,0.3333333333333333,1.0,zero_on_collision,0.1,26,1000,3543.799738131287,1771.8998690656435,0.042,69.55423923940054
2,6,0.3333333333333333,1.0,zero_on_collision,0.1,27,1000,3284.1428762528003,1642.0714381264002,0.032,1.236738003311757
2,6,0.3333333333333333,1.0,zero_on_collision,0.1,28,1000,3466.311719188845,1733.1558595944225,0.028,56.88048389128596
2,6,0.3333333333333333,1.0,zero_on_collision,0.1,29,1000,3506.155879622068,1753.077939811034,0.062,90.32918227531161
2,6,0.3333333333333333,1.0,zero_on_collision,0.1,30,1000,3214.3249691179744,1607.1624845589872,0.04,271.8177101375692
2,6,0.3333333333333333,1.0,zero_on_collision,0.1,31,1000,3462.2718512415554,1731.1359256207777,0.048,61.165185756661
2,6,0.3333333333333333,1.0,zero_on_collision,0.1,32,1000,3617.205128348639,1808.6025641743195,0.027,127.35676062065409
2,6,0.3333333333333333,1.0,zero_on_collision,0.1,33,1000,3567.6771453206347,1783.8385726603174,0.03,34.87468080492624
2,6,0.3333333333333333,1.0,zero_on_collision,0.1,34,1000,3385.67843558841,1692.839217794205,0.046,63.90739378801379
2,6,0.3333333333333333,1.0,zero_on_collision,0.1,35,1000,3576.1765861302847,1788.0882930651424,0.047,103.15191471328865
2,6,0.3333333333333333,1.0,zero_on_collision,0.1,36,1000,3613.061498391702,1806.530749195851,0.034,84.23846583652744
2,6,0.3333333333333333,1.0,zero_on_collision,0.1,37,1000,3529.4205933988633,1764.7102966994316,0.034,74.41991089191686
2,6,0.3333333333333333,1.0,zero_on_collision,0.1,38,1000,3390.6550284096666,1695.3275142048333,0.037,136.24909931037178
2,6,0.3333333333333333,1.0,zero_on_collision,0.1,39,1000,3452.1617441629514,1726.0808720814757,0.04,51.588454198737054
2,6,0.3333333333333333,1.0,zero_on_collision,0.1,40,1000,3482.847149287383,1741.4235746436916,0.034,58.101863993936604
2,6,0.3333333333333333,1.0,zero_on_collision,0.1,41,1000,3469.319659718273,1734.6598298591366,0.043,57.96130593396697
2,6,0.3333333333333333,1.0,zero_on_collision,0.1,42,1000,3534.8699342216787,1767.4349671108394,0.029,72.3144884668236
2,6,0.3333333333333333,1.0,zero_on_collision,0.1,43,1000,3496.5158629267635,1748.2579314633817,0.041,107.09935476110059
2,6,0.3333333333333333,1.0,zero_on_collision,0.1,44,1000,3532.539918620415,1766.2699593102075,0.049,80.91850576745594
2,6,0.3333333333333333,1.0,zero_on_collision,0.1,45,1000,3481.8253398673605,1740.9126699336803,0.043,61.399652846328195
2,6,0.3333333333333333,1.0,zero_on_collision,0.1,46,1000,3487.8020234418136,1743.9010117209068,0.039,161.53364691726733
2,6,0.3333333333333333,1.0,zero_on_collision,0.1,47,1000,3596.314293773289,1798.1571468866446,0.031,86.5288413199836
2,6,0.3333333333333333,1.0,zero_on_collision,0.1,48,1000,3387.414895644395,1693.7074478221975,0.037,58.635979284804534
2,6,0.3333333333333333,1.0,zero_on_collision,0.1,49,1000,3404.7251252162255,1702.3625626081127,0.032,245.69929341453417
2,6,0.3333333333333333,1.0,zero_on_collision,0.2,0,1000,3285.481533457345,1642.7407667286725,0.062,34.14405468954271
2,6,0.3333333333333333,1.0,zero_on_collision,0.2,1,1000,3225.393095121577,1612.6965475607885,0.078,88.47553752702777
2,6,0.3333333333333333,1.0,zero_on_collision,0.2,2,1000,3383.9000390927517,1691.9500195463759,0.063,65.95275506273833
2,6,0.3333333333333333,1.0,zero_on_collision,0.2,3,1000,3463.5925108761585,1731.7962554380792,0.067,97.34471458661176
2,6,0.3333333333333333,1.0,zero_on_collision,0.2,4,1000,3235.4309023225073,1617.7154511612537,0.058,103.92464228296649
2,6,0.3333333333333333,1.0,zero_on_collision,0.2,5,1000,3357.761779163025,1678.8808895815125,0.058,93.17301131313616
2,6,0.3333333333333333,1.0,zero_on_collision,0.2,6,1000,3210.945546731956,1605.472773365978,0.062,102.95987549502524
2,6,0.3333333333333333,1.0,zero_on_collision,0.2,7,1000,3383.377583223245,1691.6887916116225,0.063,139.56945430943142
2,6,0.3333333333333333,1.0,zero_on_collision,0.2,8,1000,3209.4476366271383,1604.7238183135692,0.074,78.75890020332793
2,6,0.3333333333333333,1.0,zero_on_collision,0.2,9,1000,3395.291530861177,1697.6457654305884,0.055,103.28258896528155
2,6,0.3333333333333333,1.0,zero_on_collision,0.2,10,1000,3206.6742725897475,1603.3371362948737,0.071,58.47702514998218
2,6,0.3333333333333333,1.0,zero_on_collision,0.2,11,1000,3145.418386840308,1572.709193420154,0.07,8.176561190525831
2,6,0.3333333333333333,1.0,zero_on_collision,0.2,12,1000,3333.080935045369,1666.5404675226846,0.056,83.44800948437103
2,6,0.3333333333333333,1.0,zero_on_collision,0.2,13,1000,3195.502340884733,1597.7511704423664,0.062,193.41037751635815
2,6,0.3333333333333333,1.0,zero_on_collision,0.2,14,1000,3241.4282087394777,1620.7141043697388,0.053,150.1988374147503
2,6,0.3333333333333333,1.0,zero_on_collision,0.2,15,1000,3267.1726273939084,1633.5863136969542,0.062,132.55369192215994
2,6,0.3333333333333333,1.0,zero_on_collision,0.2,16,1000,3352.8077987520574,1676.4038993760287,0.052,157.05525851023265
2,6,0.3333333333333333,1.0,zero_on_collision,0.2,17,1000,3291.755494947107,1645.8777474735534,0.077,136.12985169714034
2,6,0.3333333333333333,1.0,zero_on_collision,0.2,18,1000,3273.5098887277336,1636.7549443638668,0.06,105.07361644829882
2,6,0.3333333333333333,1.0,zero_on_collision,0.2,19,1000,3370.072499305601,1685.0362496528005,0.062,86.35194658310922
2,6,0.3333333333333333,1.0,zero_on_collision,0.2,20,1000,3307.6048194456544,1653.8024097228272,0.062,110.73750412430184
2,6,0.3333333333333333,1.0,zero_on_collision,0.2,21,1000,3257.0492474174807,1628.5246237087404,0.043,161.4091977939362
2,6,0.3333333333333333,1.0,zero_on_collision,0.2,22,1000,3248.319147911786,1624.159573955893,0.077,128.44848731754303
2,6,0.3333333333333333,1.0,zero_on_collision,0.2,23,1000,3288.245176254558,1644.122588127279,0.073,92.12857998863046
2,6,0.3333333333333333,1.0,zero_on_collision,0.2,24,1000,3294.7373680062797,1647.3686840031398,0.058,89.16463878853438
2,6,0.3333333333333333,1.0,zero_on_collision,0.2,25,1000,3334.524946558561,1667.2624732792806,0.06,41.01194367004041
2,6,0.3333333333333333,1.0,zero_on_collision,0.2,26,1000,3371.960818670609,1685.9804093353046,0.057,134.22061720299246
2,6,0.3333333333333333,1.0,zero_on_collision,0.2,27,1000,3358.3266187549434,1679.1633093774717,0.072,85.28920140060961
2,6,0.3333333333333333,1.0,zero_on_collision,0.2,28,1000,3400.493211988187,1700.2466059940934,0.052,82.0745822552243
2,6,0.3333333333333333,1.0,zero_on_collision,0.2,29,1000,3427.7027698868733,1713.8513849434366,0.065,70.7301622802969
2,6,0.3333333333333333,1.0,zero_on_collision,0.2,30,1000,3344.670169707163,1672.3350848535815,0.066,79.32643648464693
2,6,0.3333333333333333,1.0,zero_on_collision,0.2,31,1000,3226.5893046433084,1613.2946523216542,0.068,94.65028948525571
2,6,0.3333333333333333,1.0,zero_on_collision,0.2,32,1000,3297.944744450929,1648.9723722254646,0.069,52.8164328203859
2,6,0.3333333333333333,1.0,zero_on_collision,0.2,33,1000,3320.7197354565287,1660.3598677282644,0.061,46.855996411375486
2,6,0.3333333333333333,1.0,zero_on_collision,0.2,34,1000,3310.7877559957337,1655.3938779978669,0.06,68.28059257264522
2,6,0.3333333333333333,1.0,zero_on_collision,0.2,35,1000,3400.5392805056426,1700.2696402528213,0.065,96.8813249059574
2,6,0.3333333333333333,1.0,zero_on_collision,0.2,36,1000,3307.971971024818,1653.985985512409,0.054,70.78950511220432
2,6,0.3333333333333333,1.0,zero_on_collision,0.2,37,1000,3407.9644025745883,1703.9822012872942,0.06,74.08281372598731
2,6,0.3333333333333333,1.0,zero_on_collision,0.2,38,1000,3205.231113422172,1602.615556711086,0.068,85.27875312333799
2,6,0.3333333333333333,1.0,zero_on_collision,0.2,39,1000,3344.742780334049,1672.3713901670244,0.068,102.3026673574451
2,6,0.3333333333333333,1.0,zero_on_collision,0.2,40,1000,3294.6572023657736,1647.3286011828868,0.08,56.53799460342907
2,6,0.3333333333333333,1.0,zero_on_collision,0.2,41,1000,3301.7529631618168,1650.8764815809084,0.068,95.68044731936516
2,6,0.3333333333333333,1.0,zero_on_collision,0.2,42,1000,3309.8975838368183,1654.9487919184091,0.061,151.83415083947807
2,6,0.3333333333333333,1.0,zero_on_collision,0.2,43,1000,3369.370128935092,1684.685064467546,0.068,61.865427561815636
2,6,0.3333333333333333,1.0,zero_on_collision,0.2,44,1000,3299.5184296860734,1649.7592148430367,0.071,53.35736458387703
2,6,0.3333333333333333,1.0,zero_on_collision,0.2,45,1000,3201.6039786596043,1600.8019893298022,0.056,213.3786698860108
2,6,0.3333333333333333,1.0,zero_on_collision,0.2,46,1000,3369.536627600133,1684.7683138000666,0.065,104.41421359867888
2,6,0.3333333333333333,1.0,zero_on_collision,0.2,47,1000,3369.811960909456,1684.905980454728,0.058,115.02190763488761
2,6,0.3333333333333333,1.0,zero_on_collision,0.2,48,1000,3304.2366318217646,1652.1183159108823,0.058,14.82425825143946
2,6,0.3333333333333333,1.0,zero_on_collision,0.2,49,1000,3328.6866115131124,1664.3433057565562,0.058,118.4138865097434
2,6,0.3333333333333333,1.0,zero_on_collision,0.3,0,1000,3132.8485961245988,1566.4242980622994,0.085,43.571040200625816
2,6,0.3333333333333333,1.0,zero_on_collision,0.3,1,1000,3129.4385366022834,1564.7192683011417,0.083,76.50954471127591
2,6,0.3333333333333333,1.0,zero_on_collision,0.3,2,1000,3057.3151268350693,1528.6575634175347,0.093,84.62145969039761
2,6,0.3333333333333333,1.0,zero_on_collision,0.3,3,1000,3298.7097127993848,1649.3548563996924,0.082,68.04408301526735
2,6,0.3333333333333333,1.0,zero_on_collision,0.3,4,1000,3192.196080591866,1596.098040295933,0.086,70.8526351727362
2,6,0.3333333333333333,1.0,zero_on_collision,0.3,5,1000,3115.8157486128985,1557.9078743064492,0.101,75.88847809924857
2,6,0.3333333333333333,1.0,zero_on_collision,0.3,6,1000,3185.393891223629,1592.6969456118145,0.078,84.67435481426821
2,6,0.3333333333333333,1.0,zero_on_collision,0.3,7,1000,3234.2386172197907,1617.1193086098954,0.089,24.97002438779805
2,6,0.3333333333333333,1.0,zero_on_collision,0.3,8,1000,3073.7237931008676,1536.8618965504338,0.089,71.37394623313764
2,6,0.3333333333333333,1.0,zero_on_collision,0.3,9,1000,3275.2156313783908,1637.6078156891954,0.071,55.04598897994413
2,6,0.3333333333333333,1.0,zero_on_collision,0.3,10,1000,3044.069783366594,1522.034891683297,0.083,50.35102865408544
2,6,0.3333333333333333,1.0,zero_on_collision,0.3,11,1000,2991.188982006019,1495.5944910030096,0.091,175.84579804785312
2,6,0.3333333333333333,1.0,zero_on_collision,0.3,12,1000,2989.7832832826716,1494.8916416413358,0.085,157.99949467313365
2,6,0.3333333333333333,1.0,zero_on_collision,0.3,13,1000,3199.2014825991464,1599.6007412995732,0.082,81.28827694859626
2,6,0.3333333333333333,1.0,zero_on_collision,0.3,14,1000,3180.1722891106983,1590.0861445553492,0.085,52.169870508042095
2,6,0.3333333333333333,1.0,zero_on_collision,0.3,15,1000,2956.9671168618206,1478.4835584309103,0.09,147.20026738276226
2,6,0.3333333333333333,1.0,zero_on_collision,0.3,16,1000,3015.4237874399596,1507.7118937199798,0.116,35.32241641738949
2,6,0.3333333333333333,1.0,zero_on_collision,0.3,17,1000,3132.9932069512843,1566.4966034756421,0.087,74.4851079840978
2,6,0.3333333333333333,1.0,zero_on_collision,0.3,18,1000,3213.684801538581,1606.8424007692904,0.076,54.53868980681864
2,6,0.3333333333333333,1.0,zero_on_collision,0.3,19,1000,3190.0534901211568,1595.0267450605784,0.094,84.28695743687081
2,6,0.3333333333333333,1.0,zero_on_collision,0.3,20,1000,3195.1691897176206,1597.5845948588103,0.074,86.36684393300254
2,6,0.3333333333333333,1.0,zero_on_collision,0.3,21,1000,3137.0573946286017,1568.5286973143009,0.091,49.2460665913768
2,6,0.3333333333333333,1.0,zero_on_collision,0.3,22,1000,3167.3193585165855,1583.6596792582927,0.091,86.18867332658363
2,6,0.3333333333333333,1.0,zero_on_collision,0.3,23,1000,3168.9039251837416,1584.4519625918708,0.093,89.15169704237064
2,6,0.3333333333333333,1.0,zero_on_collision,0.3,24,1000,3173.8170785396123,1586.9085392698062,0.084,28.124400355399416
2,6,0.3333333333333333,1.0,zero_on_collision,0.3,25,1000,3212.4905620343307,1606.2452810171653,0.092,80.39829790111219
2,6,0.3333333333333333,1.0,zero_on_collision,0.3,26,1000,3197.828115758437,1598.9140578792185,0.091,25.515308181431806
2,6,0.3333333333333333,1.0,zero_on_collision,0.3,27,1000,3141.114711452059,1570.5573557260295,0.097,58.386249013948714
2,6,0.3333333333333333,1.0,zero_on_collision,0.3,28,1000,3132.8705066257435,1566.4352533128717,0.1,44.61982754101484
2,6,0.3333333333333333,1.0,zero_on_collision,0.3,29,1000,3140.8001606004395,1570.4000803002198,0.093,77.14426144399795
2,6,0.3333333333333333,1.0,zero_on_collision,0.3,30,1000,3305.846689956563,1652.9233449782814,0.071,30.116348849821406
2,6,0.3333333333333333,1.0,zero_on_collision,0.3,31,1000,3223.520919140698,1611.760459570349,0.071,91.80546795117402
2,6,0.3333333333333333,1.0,zero_on_collision,0.3,32,1000,3077.0638390846448,1538.5319195423224,0.093,60.198178806368105
2,6,0.3333333333333333,1.0,zero_on_collision,0.3,33,1000,3131.6708220402493,1565.8354110201246,0.088,79.79825352229955
2,6,0.3333333333333333,1.0,zero_on_collision,0.3,34,1000,3136.2331905457036,1568.1165952728518,0.089,85.16661887693431
2,6,0.3333333333333333,1.0,zero_on_collision,0.3,35,1000,2938.0459859862235,1469.0229929931118,0.111,122.0134559787482
2,6,0.3333333333333333,1.0,zero_on_collision,0.3,36,1000,3093.0566742156648,1546.5283371078324,0.102,78.03852688042025
2,6,0.3333333333333333,1.0,zero_on_collision,0.3,37,1000,3189.8070217773516,1594.9035108886758,0.089,81.09962726856565
2,6,0.3333333333333333,1.0,zero_on_collision,0.3,38,1000,3239.5673418367005,1619.7836709183503,0.083,52.281375130466586
2,6,0.3333333333333333,1.0,zero_on_collision,0.3,39,1000,3213.403707320947,1606.7018536604735,0.081,81.03439917988226
2,6,0.3333333333333333,1.0,zero_on_collision,0.3,40,1000,3137.692797122138,1568.846398561069,0.079,53.04373135606784
2,6,0.3333333333333333,1.0,zero_on_collision,0.3,41,1000,3060.987186459418,1530.493593229709,0.09,130.93970078831717
2,6,0.3333333333333333,1.0,zero_on_collision,0.3,42,1000,3084.523082460269,1542.2615412301345,0.107,53.06396934505028
2,6,0.3333333333333333,1.0,zero_on_collision,0.3,43,1000,3160.13692941986,1580.06846470993,0.078,69.88548263439452
2,6,0.3333333333333333,1.0,zero_on_collision,0.3,44,1000,3092.0513648238684,1546.0256824119342,0.092,43.117471292532514
2,6,0.3333333333333333,1.0,zero_on_collision,0.3,45,1000,2930.461953701866,1465.230976850933,0.081,160.41163757554204
2,6,0.3333333333333333,1.0,zero_on_collision,0.3,46,1000,3264.8678225352314,1632.4339112676157,0.079,42.75804593424493
2,6,0.3333333333333333,1.0,zero_on_collision,0.3,47,1000,3190.4353163315936,1595.2176581657968,0.079,116.43808664679568
2,6,0.3333333333333333,1.0,zero_on_collision,0.3,48,1000,3093.337570537349,1546.6687852686746,0.086,88.89077793953845
2,6,0.3333333333333333,1.0,zero_on_collision,0.3,49,1000,3093.0322848768947,1546.5161424384473,0.09,95.5150618243888
3,9,0.3333333333333333,1.0,zero_on_collision,0.0,0,1000,0.0,0.0,1.0,0.0
3,9,0.3333333333333333,1.0,zero_on_collision,0.0,1,1000,0.0,0.0,1.0,0.0
3,9,0.3333333333333333,1.0,zero_on_collision,0.0,2,1000,0.0,0.0,1.0,0.0
3,9,0.3333333333333333,1.0,zero_on_collision,0.0,3,1000,0.0,0.0,1.0,0.0
3,9,0.3333333333333333,1.0,zero_on_collision,0.0,4,1000,0.0,0.0,1.0,0.0
3,9,0.3333333333333333,1.0,zero_on_collision,0.0,5,1000,0.0,0.0,1.0,0.0
3,9,0.3333333333333333,1.0,zero_on_collision,0.0,6,1000,0.0,0.0,1.0,0.0
3,9,0.3333333333333333,1.0,zero_on_collision,0.0,7,1000,0.0,0.0,1.0,0.0
3,9,0.3333333333333333,1.0,zero_on_collision,0.0,8,1000,0.0,0.0,1.0,0.0
3,9,0.3333333333333333,1.0,zero_on_collision,0.0,9,1000,0.0,0.0,1.0,0.0
3,9,0.3333333333333333,1.0,zero_on_collision,0.0,10,1000,0.0,0.0,1.0,0.0
3,9,0.3333333333333333,1.0,zero_on_collision,0.0,11,1000,0.0,0.0,1.0,0.0
3,9,0.3333333333333333,1.0,zero_on_collision,0.0,12,1000,0.0,0.0,1.0,0.0
3,9,0.3333333333333333,1.0,zero_on_collision,0.0,13,1000,0.0,0.0,1.0,0.0
3,9,0.3333333333333333,1.0,zero_on_collision,0.0,14,1000,0.0,0.0,1.0,0.0
3,9,0.3333333333333333,1.0,zero_on_collision,0.0,15,1000,0.0,0.0,1.0,0.0
3,9,0.3333333333333333,1.0,zero_on_collision,0.0,16,1000,0.0,0.0,1.0,0.0
3,9,0.3333333333333333,1.0,zero_on_collision,0.0,17,1000,0.0,0.0,1.0,0.0
3,9,0.3333333333333333,1.0,zero_on_collision,0.0,18,1000,0.0,0.0,1.0,0.0
3,9,0.3333333333333333,1.0,zero_on_collision,0.0,19,1000,0.0,0.0,1.0,0.0
3,9,0.3333333333333333,1.0,zero_on_collision,0.0,20,1000,0.0,0.0,1.0,0.0
3,9,0.3333333333333333,1.0,zero_on_collision,0.0,21,1000,0.0,0.0,1.0,0.0
3,9,0.3333333333333333,1.0,zero_on_collision,0.0,22,1000,0.0,0.0,1.0,0.0
3,9,0.3333333333333333,1.0,zero_on_collision,0.0,23,1000,0.0,0.0,1.0,0.0
3,9,0.3333333333333333,1.0,zero_on_collision,0.0,24,1000,0.0,0.0,1.0,0.0
3,9,0.3333333333333333,1.0,zero_on_collision,0.0,25,1000,0.0,0.0,1.0,0.0
3,9,0.3333333333333333,1.0,zero_on_collision,0.0,26,1000,0.0,0.0,1.0,0.0
3,9,0.3333333333333333,1.0,zero_on_collision,0.0,27,1000,0.0,0.0,1.0,0.0
3,9,0.3333333333333333,1.0,zero_on_collision,0.0,28,1000,0.0,0.0,1.0,0.0
3,9,0.3333333333333333,1.0,zero_on_collision,0.0,29,1000,0.0,0.0,1.0,0.0
3,9,0.3333333333333333,1.0,zero_on_collision,0.0,30,1000,0.0,0.0,1.0,0.0
3,9,0.3333333333333333,1.0,zero_on_collision,0.0,31,1000,0.0,0.0,1.0,0.0
3,9,0.3333333333333333,1.0,zero_on_collision,0.0,32,1000,0.0,0.0,1.0,0.0
3,9,0.3333333333333333,1.0,zero_on_collision,0.0,33,1000,0.0,0.0,1.0,0.0
3,9,0.3333333333333333,1.0,zero_on_collision,0.0,34,1000,0.0,0.0,1.0,0.0
3,9,0.3333333333333333,1.0,zero_on_collision,0.0,35,1000,0.0,0.0,1.0,0.0
3,9,0.3333333333333333,1.0,zero_on_collision,0.0,36,1000,0.0,0.0,1.0,0.0
3,9,0.3333333333333333,1.0,zero_on_collision,0.0,37,1000,0.0,0.0,1.0,0.0
3,9,0.3333333333333333,1.0,zero_on_collision,0.0,38,1000,0.0,0.0,1.0,0.0
3,9,0.3333333333333333,1.0,zero_on_collision,0.0,39,1000,0.0,0.0,1.0,0.0
3,9,0.3333333333333333,1.0,zero_on_collision,0.0,40,1000,0.0,0.0,1.0,0.0
3,9,0.3333333333333333,1.0,zero_on_collision,0.0,41,1000,0.0,0.0,1.0,0.0
3,9,0.3333333333333333,1.0,zero_on_collision,0.0,42,1000,0.0,0.0,1.0,0.0
3,9,0.3333333333333333,1.0,zero_on_collision,0.0,43,1000,0.0,0.0,1.0,0.0
3,9,0.3333333333333333,1.0,zero_on_collision,0.0,44,1000,0.0,0.0,1.0,0.0
3,9,0.3333333333333333,1.0,zero_on_collision,0.0,45,1000,0.0,0.0,1.0,0.0
3,9,0.3333333333333333,1.0,zero_on_collision,0.0,46,1000,0.0,0.0,1.0,0.0
3,9,0.3333333333333333,1.0,zero_on_collision,0.0,47,1000,0.0,0.0,1.0,0.0
3,9,0.3333333333333333,1.0,zero_on_collision,0.0,48,1000,0.0,0.0,1.0,0.0
3,9,0.3333333333333333,1.0,zero_on_collision,0.0,49,1000,0.0,0.0,1.0,0.0
3,9,0.3333333333333333,1.0,zero_on_collision,0.01,0,1000,4952.0257144949355,1650.6752381649785,0.107,368.08704871162274
3,9,0.3333333333333333,1.0,zero_on_collision,0.01,1,1000,4287.783458145202,1429.2611527150673,0.167,437.12740122468455
3,9,0.3333333333333333,1.0,zero_on_collision,0.01,2,1000,5143.408034250897,1714.469344750299,0.173,133.98166268182996
3,9,0.3333333333333333,1.0,zero_on_collision,0.01,3,1000,4969.26558256677,1656.42186085559,0.06,401.3368954966421
3,9,0.3333333333333333,1.0,zero_on_collision,0.01,4,1000,4515.570738469627,1505.1902461565423,0.068,126.70102365764046
3,9,0.3333333333333333,1.0,zero_on_collision,0.01,5,1000,4251.348161195669,1417.1160537318895,0.068,614.5185869728227
3,9,0.3333333333333333,1.0,zero_on_collision,0.01,6,1000,5237.053096821584,1745.6843656071949,0.072,216.75809356969424
3,9,0.3333333333333333,1.0,zero_on_collision,0.01,7,1000,4801.5231703245645,1600.5077234415214,0.088,212.11772592579646
3,9,0.3333333333333333,1.0,zero_on_collision,0.01,8,1000,3298.752831898856,1099.5842772996186,0.334,340.49233880849636
3,9,0.3333333333333333,1.0,zero_on_collision,0.01,9,1000,4224.907675820618,1408.3025586068727,0.125,236.10984681999622
3,9,0.3333333333333333,1.0,zero_on_collision,0.01,10,1000,5124.093245657031,1708.031081885677,0.106,298.32457008617047
3,9,0.3333333333333333,1.0,zero_on_collision,0.01,11,1000,5212.321521669342,1737.4405072231139,0.024,303.1118010153747
3,9,0.3333333333333333,1.0,zero_on_collision,0.01,12,1000,5293.421076178141,1764.4736920593805,0.121,188.28151412245225
3,9,0.3333333333333333,1.0,zero_on_collision,0.01,13,1000,4379.128314516433,1459.7094381721445,0.032,94.18524415981013
3,9,0.3333333333333333,1.0,zero_on_collision,0.01,14,1000,4914.863518490077,1638.2878394966922,0.154,157.24333853089385
3,9,0.3333333333333333,1.0,zero_on_collision,0.01,15,1000,4918.679244507895,1639.5597481692985,0.117,326.22615041807376
3,9,0.3333333333333333,1.0,zero_on_collision,0.01,16,1000,4516.210969194206,1505.4036563980687,0.167,287.78002040031157
3,9,0.3333333333333333,1.0,zero_on_collision,0.01,17,1000,4363.207226303636,1454.4024087678788,0.132,463.0393485591328
3,9,0.3333333333333333,1.0,zero_on_collision,0.01,18,1000,3598.5662521442373,1199.522084048079,0.259,498.4293428210241
3,9,0.3333333333333333,1.0,zero_on_collision,0.01,19,1000,4359.354273512571,1453.118091170857,0.184,339.3593107485559
3,9,0.3333333333333333,1.0,zero_on_collision,0.01,20,1000,5290.662197229949,1763.5540657433164,0.113,142.6898554933791
3,9,0.3333333333333333,1.0,zero_on_collision,0.01,21,1000,4693.412048530749,1564.470682843583,0.038,381.7175915064994
3,9,0.3333333333333333,1.0,zero_on_collision,0.01,22,1000,4238.052182470439,1412.6840608234797,0.325,408.05822987938814
3,9,0.3333333333333333,1.0,zero_on_collision,0.01,23,1000,3129.6562677911043,1043.2187559303682,0.403,518.4983958108973
3,9,0.3333333333333333,1.0,zero_on_collision,0.01,24,1000,5123.85872893531,1707.9529096451033,0.069,368.5998083240495
3,9,0.3333333333333333,1.0,zero_on_collision,0.01,25,1000,4713.018429114871,1571.0061430382902,0.129,225.72172171192238
3,9,0.3333333333333333,1.0,zero_on_collision,0.01,26,1000,4872.765662458725,1624.255220819575,0.021,509.18912644926024
3,9,0.3333333333333333,1.0,zero_on_collision,0.01,27,1000,4685.445789135922,1561.8152630453071,0.115,284.70678639701345
3,9,0.3333333333333333,1.0,zero_on_collision,0.01,28,1000,4927.614318149388,1642.538106049796,0.196,303.61021584452135
3,9,0.3333333333333333,1.0,zero_on_collision,0.01,29,1000,4802.322260983776,1600.774086994592,0.025,413.649196968216
3,9,0.3333333333333333,1.0,zero_on_collision,0.01,30,1000,5238.448980044317,1746.1496600147723,0.047,117.84816402460841
3,9,0.3333333333333333,1.0,zero_on_collision,0.01,31,1000,4273.9410047522615,1424.647001584087,0.104,159.92929449158902
3,9,0.3333333333333333,1.0,zero_on_collision,0.01,32,1000,4337.39894250941,1445.7996475031366,0.035,386.97587427465277
3,9,0.3333333333333333,1.0,zero_on_collision,0.01,33,1000,4813.254064467905,1604.4180214893015,0.118,432.6244478136234
3,9,0.3333333333333333,1.0,zero_on_collision,0.01,34,1000,4378.171019165523,1459.390339721841,0.129,302.3460988114614
3,9,0.3333333333333333,1.0,zero_on_collision,0.01,35,1000,4342.1057390616,1447.3685796871998,0.112,314.2740304453835
3,9,0.3333333333333333,1.0,zero_on_collision,0.01,36,1000,3688.5340702940484,1229.511356764683,0.108,229.68367733650945
3,9,0.3333333333333333,1.0,zero_on_collision,0.01,37,1000,5068.341836082793,1689.4472786942642,0.044,475.6651540279969
3,9,0.3333333333333333,1.0,zero_on_collision,0.01,38,1000,4780.797937377882,1593.599312459294,0.204,77.91255904137822
3,9,0.3333333333333333,1.0,zero_on_collision,0.01,39,1000,5000.760870132954,1666.9202900443179,0.034,509.04163925870046
3,9,0.3333333333333333,1.0,zero_on_collision,0.01,40,1000,3977.822182619934,1325.940727539978,0.232,451.76644387804413
3,9,0.3333333333333333,1.0,zero_on_collision,0.01,41,1000,5004.5520576424315,1668.1840192141437,0.096,358.7424745931396
3,9,0.3333333333333333,1.0,zero_on_collision,0.01,42,1000,3693.143626700027,1231.0478755666757,0.298,616.7698363148753
3,9,0.3333333333333333,1.0,zero_on_collision,0.01,43,1000,4462.828975151044,1487.6096583836813,0.268,438.70192240971795
3,9,0.3333333333333333,1.0,zero_on_collision,0.01,44,1000,5218.553035421335,1739.5176784737785,0.149,100.50529899549633
3,9,0.3333333333333333,1.0,zero_on_collision,0.01,45,1000,5037.524051507078,1679.1746838356928,0.135,214.43214723012093
3,9,0.3333333333333333,1.0,zero_on_collision,0.01,46,1000,3640.967035463813,1213.6556784879376,0.279,181.77117786246018
3,9,0.3333333333333333,1.0,zero_on_collision,0.01,47,1000,4757.240479715615,1585.7468265718717,0.098,481.045416733291
3,9,0.3333333333333333,1.0,zero_on_collision,0.01,48,1000,3796.4038075083154,1265.4679358361052,0.254,308.9684079076315
3,9,0.3333333333333333,1.0,zero_on_collision,0.01,49,1000,3458.2265007308274,1152.7421669102757,0.316,130.2971095266068
3,9,0.3333333333333333,1.0,zero_on_collision,0.05,0,1000,5242.03263612644,1747.3442120421466,0.049,308.32827556152677
3,9,0.3333333333333333,1.0,zero_on_collision,0.05,1,1000,5446.035389355101,1815.3451297850336,0.052,227.94453079483893
3,9,0.3333333333333333,1.0,zero_on_collision,0.05,2,1000,5471.665981249548,1823.8886604165161,0.054,109.71093392397131
3,9,0.3333333333333333,1.0,zero_on_collision,0.05,3,1000,5510.841909419056,1836.9473031396853,0.066,218.78567415854803
3,9,0.3333333333333333,1.0,zero_on_collision,0.05,4,1000,5327.04492091127,1775.6816403037567,0.057,181.88889429341504
3,9,0.3333333333333333,1.0,zero_on_collision,0.05,5,1000,5521.6384879389725,1840.546162646324,0.038,110.01619799661466
3,9,0.3333333333333333,1.0,zero_on_collision,0.05,6,1000,5401.511499877679,1800.5038332925596,0.059,149.5805376620823
3,9,0.3333333333333333,1.0,zero_on_collision,0.05,7,1000,5600.345763449419,1866.7819211498063,0.041,132.02477445504007
3,9,0.3333333333333333,1.0,zero_on_collision,0.05,8,1000,5326.175553450201,1775.391851150067,0.068,43.483446592938634
3,9,0.3333333333333333,1.0,zero_on_collision,0.05,9,1000,5600.597135536019,1866.8657118453395,0.056,211.9352035633687
3,9,0.3333333333333333,1.0,zero_on_collision,0.05,10,1000,5248.049691569317,1749.3498971897723,0.061,231.08220649264155
3,9,0.3333333333333333,1.0,zero_on_collision,0.05,11,1000,5344.255060959189,1781.418353653063,0.052,266.2843128206194
3,9,0.3333333333333333,1.0,zero_on_collision,0.05,12,1000,5330.524415214033,1776.841471738011,0.052,242.79250902357987
3,9,0.3333333333333333,1.0,zero_on_collision,0.05,13,1000,5534.789475633747,1844.9298252112492,0.045,181.64698387129258
3,9,0.3333333333333333,1.0,zero_on_collision,0.05,14,1000,5490.234047624363,1830.0780158747875,0.067,134.41475841011038
3,9,0.3333333333333333,1.0,zero_on_collision,0.05,15,1000,5379.7711882629255,1793.2570627543084,0.051,99.06266869483126
3,9,0.3333333333333333,1.0,zero_on_collision,0.05,16,1000,5285.924196243232,1761.9747320810773,0.075,258.37062120434956
3,9,0.3333333333333333,1.0,zero_on_collision,0.05,17,1000,5615.856255795164,1871.9520852650546,0.037,127.20637898265745
3,9,0.3333333333333333,1.0,zero_on_collision,0.05,18,1000,5587.597275675088,1862.5324252250293,0.06,113.0423030686154
3,9,0.3333333333333333,1.0,zero_on_collision,0.05,19,1000,4888.87260077119,1629.6242002570634,0.051,301.9551480551707
3,9,0.3333333333333333,1.0,zero_on_collision,0.05,20,1000,5400.172247414527,1800.0574158048423,0.061,263.61144157333837
3,9,0.3333333333333333,1.0,zero_on_collision,0.05,21,1000,5451.302248676779,1817.1007495589263,0.071,116.32297050855605
3,9,0.3333333333333333,1.0,zero_on_collision,0.05,22,1000,5522.9432567344775,1840.981085578159,0.047,270.50679310436664
3,9,0.3333333333333333,1.0,zero_on_collision,0.05,23,1000,5223.788211541316,1741.2627371804385,0.067,234.72551804571103
3,9,0.3333333333333333,1.0,zero_on_collision,0.05,24,1000,5612.261660903212,1870.7538869677373,0.042,160.60926986439864
3,9,0.3333333333333333,1.0,zero_on_collision,0.05,25,1000,5233.535343143343,1744.5117810477811,0.041,298.3393975051541
3,9,0.3333333333333333,1.0,zero_on_collision,0.05,26,1000,5191.966169991221,1730.6553899970738,0.037,261.2575591771138
3,9,0.3333333333333333,1.0,zero_on_collision,0.05,27,1000,5087.437910083307,1695.8126366944355,0.068,279.03764954563803
3,9,0.3333333333333333,1.0,zero_on_collision,0.05,28,1000,5359.236803377041,1786.412267792347,0.085,210.87984999551531
3,9,0.3333333333333333,1.0,zero_on_collision,0.05,29,1000,5511.169284678226,1837.0564282260755,0.049,257.94082059639493
3,9,0.3333333333333333,1.0,zero_on_collision,0.05,30,1000,5674.208225928813,1891.4027419762708,0.034,127.49744684880052
3,9,0.3333333333333333,1.0,zero_on_collision,0.05,31,1000,5408.628338232505,1802.8761127441683,0.049,232.95095367525678
3,9,0.3333333333333333,1.0,zero_on_collision,0.05,32,1000,5667.727997225376,1889.242665741792,0.052,143.4925872149612
3,9,0.3333333333333333,1.0,zero_on_collision,0.05,33,1000,5578.662732909411,1859.554244303137,0.054,97.36361520099503
3,9,0.3333333333333333,1.0,zero_on_collision,0.05,34,1000,5314.49274617413,1771.4975820580432,0.064,116.05428280368974
3,9,0.3333333333333333,1.0,zero_on_collision,0.05,35,1000,5791.940027711649,1930.646675903883,0.064,163.42429857351019
3,9,0.3333333333333333,1.0,zero_on_collision,0.05,36,1000,5589.739953414793,1863.2466511382643,0.088,182.8454036471703
3,9,0.3333333333333333,1.0,zero_on_collision,0.05,37,1000,5515.282132329341,1838.4273774431138,0.035,267.89022717702994
3,9,0.3333333333333333,1.0,zero_on_collision,0.05,38,1000,5680.135332056783,1893.3784440189277,0.049,98.24040068497561
3,9,0.3333333333333333,1.0,zero_on_collision,0.05,39,1000,5501.906289775109,1833.9687632583698,0.048,91.73179705317735
3,9,0.3333333333333333,1.0,zero_on_collision,0.05,40,1000,5500.163073437599,1833.3876911458665,0.051,168.20098504630477
3,9,0.3333333333333333,1.0,zero_on_collision,0.05,41,1000,5635.675995845148,1878.5586652817158,0.057,178.20079505866963
3,9,0.3333333333333333,1.0,zero_on_collision,0.05,42,1000,5380.996111060145,1793.6653703533818,0.034,260.92343157135315
3,9,0.3333333333333333,1.0,zero_on_collision,0.05,43,1000,5589.151104200628,1863.050368066876,0.045,186.85247400268418
3,9,0.3333333333333333,1.0,zero_on_collision,0.05,44,1000,5278.053471261187,1759.3511570870623,0.07,157.76700736382958
3,9,0.3333333333333333,1.0,zero_on_collision,0.05,45,1000,5197.252577192,1732.4175257306667,0.047,208.2576409157396
3,9,0.3333333333333333,1.0,zero_on_collision,0.05,46,1000,5114.1773169749495,1704.7257723249832,0.059,199.75379180534372
3,9,0.3333333333333333,1.0,zero_on_collision,0.05,47,1000,5205.702499651896,1735.234166550632,0.054,58.30209053374811
3,9,0.3333333333333333,1.0,zero_on_collision,0.05,48,1000,5354.4398085211815,1784.8132695070606,0.083,162.72950490644402
3,9,0.3333333333333333,1.0,zero_on_collision,0.05,49,1000,5534.455649328398,1844.8185497761326,0.055,150.57717472624043
3,9,0.3333333333333333,1.0,zero_on_collision,0.1,0,1000,5467.866022436965,1822.6220074789883,0.077,114.9734002097695
3,9,0.3333333333333333,1.0,zero_on_collision,0.1,1,1000,5391.476249862231,1797.1587499540772,0.082,177.2094538771897
3,9,0.3333333333333333,1.0,zero_on_collision,0.1,2,1000,5363.17184077277,1787.7239469242568,0.087,136.19343581339697
3,9,0.3333333333333333,1.0,zero_on_collision,0.1,3,1000,5189.1976837144775,1729.7325612381592,0.082,233.7273291230874
3,9,0.3333333333333333,1.0,zero_on_collision,0.1,4,1000,5567.95477850024,1855.9849261667466,0.072,174.32423107317297
3,9,0.3333333333333333,1.0,zero_on_collision,0.1,5,1000,5366.599220237996,1788.8664067459986,0.071,156.37751699999106
3,9,0.3333333333333333,1.0,zero_on_collision,0.1,6,1000,5464.9359611718555,1821.6453203906185,0.073,109.56523029158173
3,9,0.3333333333333333,1.0,zero_on_collision,0.1,7,1000,5371.912145730599,1790.6373819101998,0.08,191.6523051284056
3,9,0.3333333333333333,1.0,zero_on_collision,0.1,8,1000,5359.961401043642,1786.6538003478806,0.073,216.34007602533455
3,9,0.3333333333333333,1.0,zero_on_collision,0.1,9,1000,5239.325753329507,1746.4419177765024,0.069,209.28009748429014
3,9,0.3333333333333333,1.0,zero_on_collision,0.1,10,1000,5447.4570300553605,1815.8190100184536,0.072,122.78872365370341
3,9,0.3333333333333333,1.0,zero_on_collision,0.1,11,1000,5389.773199904828,1796.5910666349428,0.069,183.7222610766345
3,9,0.3333333333333333,1.0,zero_on_collision,0.1,12,1000,4937.0162829310375,1645.6720943103458,0.068,277.921204618162
3,9,0.3333333333333333,1.0,zero_on_collision,0.1,13,1000,5412.757007324331,1804.252335774777,0.085,154.30505020124733
3,9,0.3333333333333333,1.0,zero_on_collision,0.1,14,1000,5153.621747855431,1717.8739159518102,0.079,205.62497743641245
3,9,0.3333333333333333,1.0,zero_on_collision,0.1,15,1000,5259.6218652996495,1753.2072884332165,0.079,96.77179203087977
3,9,0.3333333333333333,1.0,zero_on_collision,0.1,16,1000,5379.571978573384,1793.1906595244611,0.065,259.53242350124464
3,9,0.3333333333333333,1.0,zero_on_collision,0.1,17,1000,5462.092976861695,1820.6976589538983,0.067,140.08703187667433
3,9,0.3333333333333333,1.0,zero_on_collision,0.1,18,1000,5467.3455644781625,1822.4485214927208,0.065,134.05098750846807
3,9,0.3333333333333333,1.0,zero_on_collision,0.1,19,1000,5526.850400962723,1842.2834669875745,0.069,126.55956754908719
3,9,0.3333333333333333,1.0,zero_on_collision,0.1,20,1000,5109.64873192576,1703.2162439752535,0.071,85.28503226861653
3,9,0.3333333333333333,1.0,zero_on_collision,0.1,21,1000,5364.426782168904,1788.1422607229679,0.077,125.07766840579428
3,9,0.3333333333333333,1.0,zero_on_collision,0.1,22,1000,5216.482739609639,1738.8275798698796,0.068,294.657512961403
3,9,0.3333333333333333,1.0,zero_on_collision,0.1,23,1000,5498.250631613584,1832.7502105378614,0.067,158.6209429830043
3,9,0.3333333333333333,1.0,zero_on_collision,0.1,24,1000,5312.678830181171,1770.8929433937237,0.069,101.96409374347337
3,9,0.3333333333333333,1.0,zero_on_collision,0.1,25,1000,5414.437086624937,1804.8123622083124,0.063,149.79940047024857
3,9,0.3333333333333333,1.0,zero_on_collision,0.1,26,1000,5407.376591859849,1802.458863953283,0.068,166.50633325233733
3,9,0.3333333333333333,1.0,zero_on_collision,0.1,27,1000,5263.052512721051,1754.3508375736837,0.075,212.6497932956562
3,9,0.3333333333333333,1.0,zero_on_collision,0.1,28,1000,5356.168095022316,1785.3893650074388,0.083,168.64571253926476
3,9,0.3333333333333333,1.0,zero_on_collision,0.1,29,1000,5378.250128884667,1792.7500429615557,0.078,160.22365228459276
3,9,0.3333333333333333,1.0,zero_on_collision,0.1,30,1000,5455.506988713074,1818.5023295710246,0.073,147.7228635602235
3,9,0.3333333333333333,1.0,zero_on_collision,0.1,31,1000,5433.820502691391,1811.2735008971304,0.061,162.90218709559753
3,9,0.3333333333333333,1.0,zero_on_collision,0.1,32,1000,5485.280598952121,1828.4268663173737,0.076,161.80456919123918
3,9,0.3333333333333333,1.0,zero_on_collision,0.1,33,1000,5406.534123463224,1802.178041154408,0.069,142.2160502583101
3,9,0.3333333333333333,1.0,zero_on_collision,0.1,34,1000,5169.414162931054,1723.1380543103514,0.078,312.5643580365127
3,9,0.3333333333333333,1.0,zero_on_collision,0.1,35,1000,5513.614026105719,1837.8713420352396,0.077,135.74244703520483
3,9,0.3333333333333333,1.0,zero_on_collision,0.1,36,1000,5340.513067146573,1780.171022382191,0.071,187.94717504680895
3,9,0.3333333333333333,1.0,zero_on_collision,0.1,37,1000,5502.940733792941,1834.3135779309803,0.061,126.66467174380273
3,9,0.3333333333333333,1.0,zero_on_collision,0.1,38,1000,5256.444562040266,1752.1481873467553,0.073,231.1708753805808
3,9,0.3333333333333333,1.0,zero_on_collision,0.1,39,1000,5323.155367460516,1774.3851224868386,0.072,163.93830180128268
3,9,0.3333333333333333,1.0,zero_on_collision,0.1,40,1000,5267.28553242043,1755.7618441401435,0.087,217.35804240050544
3,9,0.3333333333333333,1.0,zero_on_collision,0.1,41,1000,5478.854420024697,1826.284806674899,0.072,176.5656358231935
3,9,0.3333333333333333,1.0,zero_on_collision,0.1,42,1000,5480.334563890068,1826.778187963356,0.071,129.63744684788333
3,9,0.3333333333333333,1.0,zero_on_collision,0.1,43,1000,5219.9304628784685,1739.9768209594895,0.074,179.64507649967265
3,9,0.3333333333333333,1.0,zero_on_collision,0.1,44,1000,5129.887915194935,1709.9626383983116,0.081,280.4602546340472
3,9,0.3333333333333333,1.0,zero_on_collision,0.1,45,1000,5385.084040662068,1795.0280135540227,0.067,134.7895845181512
3,9,0.3333333333333333,1.0,zero_on_collision,0.1,46,1000,5263.318964443863,1754.4396548146208,0.083,240.43849583611618
3,9,0.3333333333333333,1.0,zero_on_collision,0.1,47,1000,4872.56253830171,1624.1875127672367,0.083,276.31453170301387
3,9,0.3333333333333333,1.0,zero_on_collision,0.1,48,1000,5488.9983484336735,1829.666116144558,0.076,159.4068501845165
3,9,0.3333333333333333,1.0,zero_on_collision,0.1,49,1000,5479.122497786076,1826.3741659286918,0.07,154.50829060300728
3,9,0.3333333333333333,1.0,zero_on_collision,0.2,0,1000,4969.607448697386,1656.535816232462,0.116,184.94406618637697
3,9,0.3333333333333333,1.0,zero_on_collision,0.2,1,1000,4967.587120218823,1655.8623734062742,0.125,175.83043753068895
3,9,0.3333333333333333,1.0,zero_on_collision,0.2,2,1000,5100.164188731103,1700.0547295770345,0.122,165.23473160247391
3,9,0.3333333333333333,1.0,zero_on_collision,0.2,3,1000,5236.879003054531,1745.6263343515102,0.113,156.93840123549873
3,9,0.3333333333333333,1.0,zero_on_collision,0.2,4,1000,5009.62047291572,1669.8734909719067,0.114,226.93697708650717
3,9,0.3333333333333333,1.0,zero_on_collision,0.2,5,1000,5102.629819247155,1700.8766064157182,0.135,134.605480039193
3,9,0.3333333333333333,1.0,zero_on_collision,0.2,6,1000,5100.006997827644,1700.0023326092148,0.114,182.30296488849004
3,9,0.3333333333333333,1.0,zero_on_collision,0.2,7,1000,5087.997118169685,1695.999039389895,0.129,95.63828324304741
3,9,0.3333333333333333,1.0,zero_on_collision,0.2,8,1000,5114.965402934178,1704.9884676447261,0.115,136.70814365830967
3,9,0.3333333333333333,1.0,zero_on_collision,0.2,9,1000,5147.893235983617,1715.964411994539,0.12,150.30243767606962
3,9,0.3333333333333333,1.0,zero_on_collision,0.2,10,1000,4791.734443892403,1597.2448146308009,0.138,180.2164478083794
3,9,0.3333333333333333,1.0,zero_on_collision,0.2,11,1000,5178.4735169351825,1726.1578389783942,0.109,96.33838471701165
3,9,0.3333333333333333,1.0,zero_on_collision,0.2,12,1000,5135.401611600137,1711.8005372000455,0.12,131.1550938341277
3,9,0.3333333333333333,1.0,zero_on_collision,0.2,13,1000,5124.8259074666785,1708.2753024888927,0.127,150.06791358943292
3,9,0.3333333333333333,1.0,zero_on_collision,0.2,14,1000,5066.15243155548,1688.7174771851599,0.126,185.85696652835935
3,9,0.3333333333333333,1.0,zero_on_collision,0.2,15,1000,5071.580268477529,1690.5267561591763,0.125,190.52068378108063
3,9,0.3333333333333333,1.0,zero_on_collision,0.2,16,1000,4955.497598295795,1651.832532765265,0.135,137.52857967282392
3,9,0.3333333333333333,1.0,zero_on_collision,0.2,17,1000,5154.382807460542,1718.1276024868473,0.129,128.45876232930326
3,9,0.3333333333333333,1.0,zero_on_collision,0.2,18,1000,4971.305331424484,1657.1017771414947,0.121,188.48263395944102
3,9,0.3333333333333333,1.0,zero_on_collision,0.2,19,1000,4996.324340050769,1665.4414466835897,0.129,95.84853607800773
3,9,0.3333333333333333,1.0,zero_on_collision,0.2,20,1000,5091.071509123843,1697.0238363746141,0.118,129.51659687816738
3,9,0.3333333333333333,1.0,zero_on_collision,0.2,21,1000,5083.310071193352,1694.436690397784,0.13,92.40087167351088
3,9,0.3333333333333333,1.0,zero_on_collision,0.2,22,1000,4956.630242129804,1652.2100807099348,0.131,212.32468727964297
3,9,0.3333333333333333,1.0,zero_on_collision,0.2,23,1000,4944.985738795733,1648.3285795985776,0.139,100.26510117674522
3,9,0.3333333333333333,1.0,zero_on_collision,0.2,24,1000,4989.321661541571,1663.107220513857,0.121,200.87110839507787
3,9,0.3333333333333333,1.0,zero_on_collision,0.2,25,1000,5048.262415371468,1682.754138457156,0.121,137.32583415462128
3,9,0.3333333333333333,1.0,zero_on_collision,0.2,26,1000,5122.899109476258,1707.633036492086,0.122,104.60308689682809
3,9,0.3333333333333333,1.0,zero_on_collision,0.2,27,1000,4897.0351659790595,1632.345055326353,0.129,162.48540331664066
3,9,0.3333333333333333,1.0,zero_on_collision,0.2,28,1000,5140.796406930457,1713.5988023101525,0.114,117.96929555786497
3,9,0.3333333333333333,1.0,zero_on_collision,0.2,29,1000,5077.665402154384,1692.5551340514612,0.123,101.23952378595656
3,9,0.3333333333333333,1.0,zero_on_collision,0.2,30,1000,5151.570073575834,1717.190024525278,0.118,124.35022271089156
3,9,0.3333333333333333,1.0,zero_on_collision,0.2,31,1000,5057.736675347782,1685.9122251159272,0.12,143.30819854276933
3,9,0.3333333333333333,1.0,zero_on_collision,0.2,32,1000,5144.972760712578,1714.9909202375259,0.144,163.32778795026974
3,9,0.3333333333333333,1.0,zero_on_collision,0.2,33,1000,4898.777547257801,1632.9258490859338,0.126,194.52795327246366
3,9,0.3333333333333333,1.0,zero_on_collision,0.2,34,1000,5122.62583192323,1707.54194397441,0.128,121.55692597686338
3,9,0.3333333333333333,1.0,zero_on_collision,0.2,35,1000,4996.652211019938,1665.550737006646,0.111,189.75398184666128
3,9,0.3333333333333333,1.0,zero_on_collision,0.2,36,1000,5104.056767098421,1701.3522556994737,0.109,136.3508801079845
3,9,0.3333333333333333,1.0,zero_on_collision,0.2,37,1000,5154.277944357216,1718.092648119072,0.12,145.80921888595262
3,9,0.3333333333333333,1.0,zero_on_collision,0.2,38,1000,5197.102289208151,1732.3674297360503,0.116,124.83497946882056
3,9,0.3333333333333333,1.0,zero_on_collision,0.2,39,1000,5166.891405710552,1722.2971352368506,0.114,101.31099297566756
3,9,0.3333333333333333,1.0,zero_on_collision,0.2,40,1000,4858.85070631762,1619.6169021058734,0.113,159.11965950157472
3,9,0.3333333333333333,1.0,zero_on_collision,0.2,41,1000,4947.538449866127,1649.179483288709,0.129,171.90160350666739
3,9,0.3333333333333333,1.0,zero_on_collision,0.2,42,1000,5083.662986797141,1694.5543289323803,0.122,106.75590026475813
3,9,0.3333333333333333,1.0,zero_on_collision,0.2,43,1000,4978.829292400712,1659.6097641335707,0.124,158.24327153543575
3,9,0.3333333333333333,1.0,zero_on_collision,0.2,44,1000,5081.12651393534,1693.7088379784466,0.116,131.46736876872782
3,9,0.3333333333333333,1.0,zero_on_collision,0.2,45,1000,5076.819814537311,1692.2732715124368,0.113,124.38693665544507
3,9,0.3333333333333333,1.0,zero_on_collision,0.2,46,1000,5169.0405016705345,1723.0135005568447,0.132,107.29821431238821
3,9,0.3333333333333333,1.0,zero_on_collision,0.2,47,1000,5120.109598066339,1706.7031993554463,0.145,141.2562015427014
3,9,0.3333333333333333,1.0,zero_on_collision,0.2,48,1000,4900.3794566556135,1633.4598188852044,0.136,132.56650847611883
3,9,0.3333333333333333,1.0,zero_on_collision,0.2,49,1000,4687.933892051161,1562.6446306837204,0.106,186.36595675225115
3,9,0.3333333333333333,1.0,zero_on_collision,0.3,0,1000,4788.82870978951,1596.2762365965034,0.168,135.15634313401196
3,9,0.3333333333333333,1.0,zero_on_collision,0.3,1,1000,4770.26918670547,1590.0897289018233,0.167,71.0129847656945
3,9,0.3333333333333333,1.0,zero_on_collision,0.3,2,1000,4771.473369920634,1590.4911233068779,0.155,148.76403007223237
3,9,0.3333333333333333,1.0,zero_on_collision,0.3,3,1000,4799.644693069685,1599.8815643565615,0.171,112.985817027773
3,9,0.3333333333333333,1.0,zero_on_collision,0.3,4,1000,4710.267394384577,1570.0891314615255,0.178,106.30633086695238
3,9,0.3333333333333333,1.0,zero_on_collision,0.3,5,1000,4805.99556434013,1601.99852144671,0.168,130.33854725120057
3,9,0.3333333333333333,1.0,zero_on_collision,0.3,6,1000,4843.868301082027,1614.6227670273422,0.157,94.40245626917479
3,9,0.3333333333333333,1.0,zero_on_collision,0.3,7,1000,4881.855617212332,1627.285205737444,0.171,99.14946739678899
3,9,0.3333333333333333,1.0,zero_on_collision,0.3,8,1000,4802.733407498772,1600.911135832924,0.146,108.81930865272109
3,9,0.3333333333333333,1.0,zero_on_collision,0.3,9,1000,4813.604586258371,1604.5348620861234,0.172,80.15867199936214
3,9,0.3333333333333333,1.0,zero_on_collision,0.3,10,1000,4727.927071508224,1575.9756905027414,0.176,127.57908497408467
3,9,0.3333333333333333,1.0,zero_on_collision,0.3,11,1000,4693.424231204705,1564.4747437349017,0.165,164.0507769907428
3,9,0.3333333333333333,1.0,zero_on_collision,0.3,12,1000,4804.561036097562,1601.520345365854,0.153,127.24270473784821
3,9,0.3333333333333333,1.0,zero_on_collision,0.3,13,1000,4867.701609307971,1622.567203102657,0.159,89.51674084766681
3,9,0.3333333333333333,1.0,zero_on_collision,0.3,14,1000,4874.037188267326,1624.6790627557755,0.154,116.25348659896754
3,9,0.3333333333333333,1.0,zero_on_collision,0.3,15,1000,4794.450371034129,1598.150123678043,0.167,133.87907933091054
3,9,0.3333333333333333,1.0,zero_on_collision,0.3,16,1000,4845.605192727104,1615.2017309090345,0.146,117.10114058373568
3,9,0.3333333333333333,1.0,zero_on_collision,0.3,17,1000,4730.586738603354,1576.862246201118,0.171,98.9823145731308
3,9,0.3333333333333333,1.0,zero_on_collision,0.3,18,1000,4574.064262765489,1524.6880875884963,0.188,157.2113238877501
3,9,0.3333333333333333,1.0,zero_on_collision,0.3,19,1000,4625.374005954568,1541.7913353181893,0.166,169.34781295974165
3,9,0.3333333333333333,1.0,zero_on_collision,0.3,20,1000,4630.237840260153,1543.4126134200508,0.166,140.14372125081934
3,9,0.3333333333333333,1.0,zero_on_collision,0.3,21,1000,4676.706393547466,1558.9021311824888,0.19,183.41478125026492
3,9,0.3333333333333333,1.0,zero_on_collision,0.3,22,1000,4503.870493759634,1501.2901645865447,0.207,108.25557781689875
3,9,0.3333333333333333,1.0,zero_on_collision,0.3,23,1000,4635.587629570834,1545.1958765236113,0.193,130.886724613059
3,9,0.3333333333333333,1.0,zero_on_collision,0.3,24,1000,4677.784094382147,1559.2613647940489,0.183,157.25887229170695
3,9,0.3333333333333333,1.0,zero_on_collision,0.3,25,1000,4773.183383808097,1591.061127936032,0.167,155.19043182065795
3,9,0.3333333333333333,1.0,zero_on_collision,0.3,26,1000,4704.621084089537,1568.2070280298458,0.155,147.2308984706354
3,9,0.3333333333333333,1.0,zero_on_collision,0.3,27,1000,4685.403676814381,1561.8012256047934,0.168,98.64388295247723
3,9,0.3333333333333333,1.0,zero_on_collision,0.3,28,1000,4812.948725337071,1604.3162417790236,0.165,101.93099751668096
3,9,0.3333333333333333,1.0,zero_on_collision,0.3,29,1000,4846.050665250421,1615.3502217501402,0.18,77.02074276387043
3,9,0.3333333333333333,1.0,zero_on_collision,0.3,30,1000,4821.586827362146,1607.1956091207155,0.176,135.87055851079666
3,9,0.3333333333333333,1.0,zero_on_collision,0.3,31,1000,4700.702246436592,1566.9007488121972,0.164,121.75649144303873
3,9,0.3333333333333333,1.0,zero_on_collision,0.3,32,1000,4768.742607848169,1589.5808692827231,0.185,108.48264369646665
3,9,0.3333333333333333,1.0,zero_on_collision,0.3,33,1000,4773.461217651797,1591.1537392172656,0.166,100.81307468465641
3,9,0.3333333333333333,1.0,zero_on_collision,0.3,34,1000,4812.9729448922635,1604.3243149640878,0.144,90.02259596968848
3,9,0.3333333333333333,1.0,zero_on_collision,0.3,35,1000,4684.739983178977,1561.5799943929924,0.173,97.6399544711177
3,9,0.3333333333333333,1.0,zero_on_collision,0.3,36,1000,4665.280461060384,1555.0934870201281,0.157,120.46930315890867
3,9,0.3333333333333333,1.0,zero_on_collision,0.3,37,1000,4823.609473326554,1607.8698244421846,0.161,116.16100793134889
3,9,0.3333333333333333,1.0,zero_on_collision,0.3,38,1000,4619.865865136141,1539.9552883787137,0.179,167.2803254585103
3,9,0.3333333333333333,1.0,zero_on_collision,0.3,39,1000,4770.768774614711,1590.2562582049038,0.16,110.9610558988887
3,9,0.3333333333333333,1.0,zero_on_collision,0.3,40,1000,4803.3389540553235,1601.112984685108,0.161,87.27193513704063
3,9,0.3333333333333333,1.0,zero_on_collision,0.3,41,1000,4739.225407799965,1579.7418025999884,0.172,94.36005048741383
3,9,0.3333333333333333,1.0,zero_on_collision,0.3,42,1000,4665.54106561164,1555.18035520388,0.171,166.25996167388777
3,9,0.3333333333333333,1.0,zero_on_collision,0.3,43,1000,4770.128620465452,1590.0428734884838,0.184,118.52312368561401
3,9,0.3333333333333333,1.0,zero_on_collision,0.3,44,1000,4783.991928668553,1594.6639762228508,0.148,64.35611778710812
3,9,0.3333333333333333,1.0,zero_on_collision,0.3,45,1000,4680.933283592174,1560.3110945307246,0.164,172.0795071939942
3,9,0.3333333333333333,1.0,zero_on_collision,0.3,46,1000,4831.529998643542,1610.5099995478474,0.16,100.06216501532666
3,9,0.3333333333333333,1.0,zero_on_collision,0.3,47,1000,4808.261402672421,1602.753800890807,0.169,146.8664090081542
3,9,0.3333333333333333,1.0,zero_on_collision,0.3,48,1000,4652.939988776265,1550.979996258755,0.198,133.87098746125704
3,9,0.3333333333333333,1.0,zero_on_collision,0.3,49,1000,4801.36387304158,1600.4546243471932,0.173,109.25671083119738
